Date,SPY,QQQ,QQQI,IBIT,VNQ,XLE,IAUM,URAN,LEAPS,SGOV
2015-01-31,164.340164,92.774231,17.500075,0.124097,54.362526,23.953381,13.184621,14.510836,4.016088,79.411697
2015-02-28,173.576874,99.473091,17.777485,0.145097,52.365162,25.053555,12.40604,15.816958,4.607799,79.411697
2015-03-31,170.850739,97.12648,17.723648,0.139368,53.272053,24.764128,12.139037,14.76919,4.379513,79.411697
2015-04-30,172.530884,98.993614,17.906495,0.134757,50.156986,26.392082,12.118745,16.850372,4.536506,79.394318
2015-05-31,174.748901,101.219444,18.088609,0.131359,50.005356,25.022684,12.186029,15.730839,4.737432,79.376939
2015-06-30,171.199432,98.705078,17.879315,0.150123,47.670788,24.15102,12.001263,13.233424,4.494723,79.376939
2015-07-31,175.066711,103.203804,18.463472,0.162437,50.42165,22.293751,11.206661,11.712012,4.895347,79.376939
2015-08-31,164.396393,96.160706,17.212127,0.131283,47.249542,21.345827,11.622118,11.4106,4.209617,79.376939
2015-09-30,160.201645,94.038124,17.562332,0.134709,48.69524,19.810339,11.412788,9.975302,3.997017,79.342239
2015-10-31,173.828323,104.730164,18.808695,0.179281,51.499397,22.021204,11.673383,10.63554,4.948804,79.324852
2015-11-30,174.463684,105.367813,18.937013,0.21532,51.177082,22.017967,10.885189,9.831773,4.996117,79.342239
2015-12-31,171.448502,103.687447,18.981072,0.245705,52.114117,19.702343,10.836061,10.241927,4.817719,79.324852
2016-01-31,162.912689,96.522202,17.587985,0.210439,50.323166,19.013149,11.4224,9.341459,4.138959,79.342239
2016-02-29,162.778137,95.011284,17.975076,0.249774,50.140156,18.480747,12.670907,9.217004,3.988943,79.342239
2016-03-31,173.72757,101.522026,18.328104,0.237809,55.387524,20.359489,12.564106,10.644578,4.537362,79.342239
2016-04-30,174.412277,98.286713,17.795446,0.255835,54.085445,22.20496,13.205982,11.083833,4.239791,79.376939
2016-05-31,177.379318,102.581879,18.097142,0.303238,55.301594,21.997713,12.39536,10.08087,4.607453,79.376939
2016-06-30,177.995834,100.245056,18.225148,0.384243,59.133133,22.59621,13.507162,10.410309,4.377502,79.359568
2016-07-31,184.487564,107.413399,18.499692,0.356478,61.653984,22.31144,13.775232,10.146758,5.016656,79.394318
2016-08-31,184.708496,108.541328,18.605597,0.328396,59.333183,22.685616,13.326667,10.051587,5.112622,79.394318
2016-09-30,184.719254,110.943932,18.987303,0.347949,58.245888,23.522303,13.418516,9.546445,5.323624,79.411697
2016-10-31,181.516708,109.327232,19.109335,0.400014,54.90181,22.859377,13.023352,8.872923,5.160605,79.429043
2016-11-30,188.203476,109.803818,19.38635,0.425533,53.981853,24.794857,11.935046,9.114509,5.190134,79.394318
2016-12-31,192.018723,111.047073,19.5472,0.549965,56.582218,25.224001,11.706492,10.113708,5.30129,79.411672
2017-01-31,195.454819,116.755013,20.140275,0.553766,56.472546,24.413561,12.340892,13.665686,5.846071,79.446421
2017-02-28,203.134583,121.863083,20.377438,0.673356,58.453899,23.904528,12.73392,13.123459,6.358225,79.48642
2017-03-31,203.388458,124.333076,20.646743,0.611623,57.037201,23.549303,12.679452,12.062581,6.60382,79.472502
2017-04-30,205.407379,127.723663,20.962242,0.769181,57.175301,22.855291,12.898394,10.341599,6.955376,79.531627
2017-05-31,208.306244,132.701523,21.334263,1.304752,56.760952,22.046738,12.882374,10.121566,7.48548,79.543848
2017-06-30,209.634216,129.625519,21.432807,1.415705,58.028221,22.022121,12.60469,10.357316,7.100482,79.625635
2017-07-31,213.943115,134.890015,21.740035,1.640829,58.746311,22.598791,12.896258,11.371044,7.682953,79.651732
2017-08-31,214.567291,137.687149,22.027922,2.684016,58.592937,21.36064,13.437741,10.899543,7.957565,79.742429
2017-09-30,218.890686,137.280609,22.142035,2.475909,58.526089,23.535643,12.984903,10.451618,7.908305,79.800006
2017-10-31,224.048645,143.60434,22.568201,3.691228,57.899204,23.33975,12.887714,9.382881,8.62993,79.855812
2017-11-30,230.896866,146.435883,22.727423,5.83986,59.441769,23.74873,12.933638,11.221735,8.950102,79.899529
2017-12-31,233.697174,147.319046,23.078965,8.078428,59.354168,25.000151,13.205982,12.071788,9.030148,79.958945
2018-01-31,246.868149,160.219818,23.62132,5.832727,56.829201,25.896231,13.633187,11.309782,10.640871,80.063926
2018-02-28,237.891907,158.148499,23.909256,5.933619,52.465981,23.090368,13.350164,10.210889,10.276365,80.130455
2018-03-31,231.371201,151.697891,23.073468,3.979483,54.507294,23.48822,13.434537,9.681493,9.383571,80.234753
2018-04-30,232.566986,152.465225,23.459336,5.273171,54.955082,25.718227,13.306375,10.700177,9.4082,80.318104
2018-05-31,238.220367,161.114456,24.269509,4.276589,56.97736,26.488276,13.147241,10.571839,10.46847,80.43845
2018-06-30,239.590439,162.959305,23.940783,3.654478,59.371635,26.639132,12.671976,10.323184,10.647027,80.558098
2018-07-31,248.466476,167.51622,24.606912,4.439951,59.728832,27.053068,12.387884,10.563817,11.183935,80.669967
2018-08-31,256.397461,177.199814,25.457699,4.016034,61.266876,26.112955,12.123017,10.202867,12.501575,80.797892
2018-09-30,257.921844,176.70076,25.641655,3.780912,59.634487,26.751667,12.042916,10.676114,12.398136,80.910967
2018-10-31,240.098389,161.512085,24.247812,3.605179,57.890102,23.721176,12.298171,9.633368,10.197552,81.049008
2018-11-30,244.551926,161.084122,24.294222,2.292477,60.595394,23.350315,12.339823,10.058488,10.078103,81.199695
2018-12-31,223.019577,147.133072,22.371054,2.135793,55.776913,20.445723,12.949659,9.403058,8.279702,81.348119
2019-01-31,240.875763,160.390808,23.401513,1.973209,62.38905,22.738068,13.323463,10.232974,9.755978,81.490394
2019-02-28,248.683975,165.188446,23.959282,2.199755,62.82288,23.262133,13.242294,9.967078,10.304343,81.640989
2019-03-31,253.185272,171.671432,24.488549,2.342772,65.471794,23.757174,13.030828,10.063767,11.089723,81.783872
2019-04-30,263.528503,181.112076,24.897231,3.053422,65.366325,23.753578,12.944318,9.765643,12.292043,81.941314
2019-05-31,246.722946,166.215286,23.803888,4.893087,65.456726,21.116291,13.171806,9.314425,10.26844,82.115178
2019-06-30,263.891602,178.831116,25.248355,6.172869,66.474113,23.100197,14.225934,9.874758,11.844455,82.264276
2019-07-31,267.88147,183.006454,25.868891,5.755419,67.607368,22.733988,14.227003,8.964493,12.355194,82.412675
2019-08-31,263.39624,179.530197,25.543113,5.495792,70.140091,20.841305,15.352688,8.615017,11.772902,82.552371
2019-09-30,268.521362,181.17807,25.673847,4.732942,71.491737,21.661261,14.831497,8.940112,11.933278,82.68597
2019-10-31,274.456879,189.1138,26.479571,5.249794,72.296745,21.207542,15.21171,8.834456,12.939953,82.818837
2019-11-30,284.391754,196.809677,27.001752,4.319651,71.353745,21.547834,14.723629,8.793818,13.979937,82.908535
2019-12-31,292.654877,204.458374,27.446081,4.105067,71.902435,22.846357,15.261906,9.070149,15.043402,83.00102
2020-01-31,292.536713,210.670715,27.558629,5.335931,72.785835,20.334925,15.94864,8.276101,15.888814,83.100909
2020-02-29,269.377777,197.90947,25.32749,4.907357,67.671532,17.226086,15.847179,7.940473,14.017801,83.199043
2020-03-31,235.740234,183.490128,23.046057,3.674248,54.548779,11.305316,15.811934,7.130053,11.056954,83.369188
2020-04-30,265.675385,210.965469,24.244163,4.941052,59.437489,14.783278,16.960048,8.865498,14.438965,83.352783
2020-05-31,278.333527,224.891052,25.207863,5.399005,60.468315,15.078947,17.399002,9.168383,16.227482,83.338249
2020-06-30,283.269623,239.029175,25.880516,5.214646,61.93462,14.91375,17.875335,9.012167,18.229532,83.338249
2020-07-31,299.952087,256.589539,26.863052,6.461799,64.190239,14.196627,19.804166,9.560371,20.943783,83.343254
2020-08-31,320.887695,284.672546,27.83777,6.665725,64.474159,14.046902,19.740086,10.382679,25.713161,83.348259
2020-09-30,308.872589,268.222382,27.381944,6.15423,62.756401,11.995119,18.916647,9.244736,22.624914,83.354095
2020-10-31,301.171265,260.055237,26.541704,7.864201,60.87273,11.502501,18.81839,8.978943,21.106714,83.358253
2020-11-30,333.93158,289.248474,29.205813,11.199592,66.7621,14.722554,17.800574,9.826167,25.873617,83.362411
2020-12-31,346.303223,303.42868,29.841119,16.549992,68.58741,15.382148,19.049082,12.818998,28.4163,83.367424
2021-01-31,342.774323,304.221741,30.181273,18.896892,68.611641,15.958473,18.434974,12.141676,28.480484,83.37159
2021-02-28,352.305298,303.815582,29.910002,25.758118,70.961693,19.542221,17.28152,14.633562,28.275585,83.37159
2021-03-31,368.299683,309.031525,30.440729,33.622357,74.617653,20.122822,17.083938,15.745714,28.929775,83.37159
2021-04-30,387.786682,327.294647,30.761564,32.955457,80.482445,20.258181,17.692705,16.397951,32.356216,83.384926
2021-05-31,390.332855,323.363007,30.56271,21.3042,81.132286,21.414852,19.051218,18.296134,31.445295,83.388268
2021-06-30,399.087067,343.612549,31.136569,19.996247,83.272179,22.321543,17.689501,17.747964,35.45433,83.385773
2021-07-31,408.829773,353.442993,31.533916,23.754218,86.953506,20.465214,18.136999,16.751733,37.424301,83.387436
2021-08-31,420.996429,368.353638,32.544112,26.915931,88.82692,20.054998,18.143999,17.538674,40.564381,83.389114
2021-09-30,401.375702,347.419434,31.448537,24.989516,83.780243,21.846209,17.554001,19.916224,35.928307,83.391617
2021-10-31,429.537628,374.740601,32.817037,34.992002,89.756302,24.102549,17.82,22.486333,41.739449,83.389923
2021-11-30,426.086426,382.223541,32.690335,32.530461,87.863083,22.894695,17.712999,20.962689,43.255177,83.392433
2021-12-31,445.791931,386.628143,32.948939,26.425029,96.390701,23.577732,18.299999,20.199501,43.951328,83.403259
2022-01-31,422.280304,352.809662,31.149982,21.960608,88.272987,28.004396,17.98,18.28754,36.39241,83.403259
2022-02-28,409.815918,337.017944,30.481616,24.648458,85.198738,29.984076,19.084999,21.341365,32.916595,83.409103
2022-03-31,425.221008,352.749603,32.092598,25.986897,90.535492,32.784164,19.360001,23.155954,35.50864,83.432449
2022-04-30,387.89975,304.79068,29.911157,21.522202,86.834557,32.230915,18.959999,20.527012,26.26613,83.455795
2022-05-31,388.775299,299.954926,28.154943,18.142458,82.765999,37.398998,18.34,19.420552,25.017004,83.493362
2022-06-30,356.716797,273.235229,27.557154,11.290264,76.600845,31.013693,18.059999,16.515929,20.44512,83.560959
2022-07-31,389.565887,307.531006,29.34967,13.317329,83.200745,34.010548,17.59,19.203325,25.683537,83.60186
2022-08-31,373.670837,291.747894,27.456516,11.441508,78.198296,34.912632,17.09,20.769492,22.893991,83.782471
2022-09-30,339.126556,261.010803,25.458544,11.088858,68.133141,31.57543,16.59,17.637161,18.099928,83.981804
2022-10-31,366.68924,271.450775,26.506738,11.696026,70.521248,39.458324,16.299999,17.975309,19.294743,84.147064
2022-11-30,387.074005,286.500397,27.504903,9.797337,74.85553,39.962517,17.66,19.123237,21.180765,84.400162
2022-12-31,364.767639,260.676239,26.665665,9.44292,71.087044,38.744083,18.209999,17.913285,17.350922,84.721184
2023-01-31,387.706879,288.41983,28.580443,13.20456,78.48188,39.833725,19.26,20.544969,21.030073,84.991913
2023-02-28,377.958893,287.382111,28.048554,13.209165,73.879524,37.069767,18.23,18.671568,20.663641,85.301064
2023-03-31,391.972778,314.662537,29.627891,16.251405,72.287064,37.071743,19.690001,17.779471,24.545815,85.665604
2023-04-30,398.234497,316.260651,30.171468,16.702406,72.513405,38.101143,19.870001,17.841919,24.629992,85.957947
2023-05-31,400.072845,341.194,31.079396,15.533048,69.640709,34.278931,19.610001,17.743789,28.383413,86.320076
2023-06-30,425.997498,362.702423,31.588206,17.392012,73.561104,36.648766,19.18,19.358482,31.879354,86.726868
2023-07-31,439.941833,376.703156,32.410425,16.680325,75.057693,39.497768,19.610001,20.250577,34.181915,87.079094
2023-08-31,432.79184,371.116608,31.720978,14.797938,72.522293,40.147945,19.379999,21.419223,32.820183,87.506767
2023-09-30,412.262604,352.264313,30.756816,15.38939,67.254463,41.112823,18.450001,24.122275,29.470383,87.883018
2023-10-31,403.312958,344.988373,30.770894,19.783361,64.818863,38.747658,19.809999,23.943855,28.01548,88.270462
2023-11-30,440.153076,382.312073,31.886411,21.520987,72.650116,38.470215,20.33,25.835098,34.118111,88.672775
2023-12-31,460.248413,403.671692,32.739141,24.118863,79.512154,38.499897,20.6,26.197889,37.776711,89.06115
2024-01-31,467.578613,411.015289,33.60574,24.299999,75.489761,38.302444,20.299999,28.686168,38.870243,89.451973
2024-02-29,491.980042,432.730682,35.158356,35.419998,76.983536,39.55608,20.4,25.980282,42.767212,89.851685
2024-03-31,508.068756,438.247894,35.727955,40.470001,78.485512,43.704075,22.17,27.276458,43.510933,90.227982
2024-04-30,487.583557,419.079865,34.507011,33.57,72.250595,43.29208,22.85,27.219689,39.452297,90.623955
2024-05-31,512.245422,444.860962,36.173779,38.549999,75.545029,43.143948,23.23,30.502707,44.326633,91.055962
2024-06-30,530.317444,473.644012,37.474541,34.139999,76.961937,42.533817,23.200001,27.413543,49.696224,91.419052
2024-07-31,536.739319,465.695709,37.08955,37.18,83.07222,43.495079,24.440001,26.835915,47.555225,91.828415
2024-08-31,549.280457,470.836365,37.752724,33.369999,87.409134,42.594479,24.959999,24.525415,48.073048,92.261627
2024-09-30,560.817749,483.17984,38.649807,36.130001,90.267128,41.308929,26.25,27.091589,50.165001,92.651642
2024-10-31,555.813354,479.002106,38.642147,39.779999,87.237221,41.680618,27.4,31.497328,48.95945,93.030418
2024-11-30,588.958496,504.63269,40.447014,55.209999,90.952797,44.945812,26.549999,33.224815,53.906208,93.39682
2024-12-31,574.788025,506.92392,40.843273,53.049999,83.338066,40.640194,26.17,27.865118,53.95068,93.760628
2025-01-31,590.224731,517.890625,41.758167,57.709999,84.71331,41.579578,27.959999,30.371567,55.829788,94.097076
2025-02-28,582.731873,503.889679,40.9678,47.900002,87.847374,43.173683,28.49,27.516378,52.480301,94.409439
2025-03-31,550.262573,465.663666,38.316113,46.810001,85.574074,44.681835,31.17,25.435627,44.312645,94.722748
2025-04-30,545.491699,472.168182,38.950207,53.509998,83.485283,38.489971,32.860001,26.983528,44.163078,95.068329
2025-05-31,579.773071,515.505066,41.687016,59.459999,84.420975,38.982445,32.84,33.063103,52.214943,95.404625
2025-06-30,609.565369,548.4245,43.579266,61.209999,85.002213,40.880611,32.990002,36.710262,58.750854,95.725983
2025-07-31,623.604675,561.716553,44.644634,66.32,85.078575,42.037472,32.810001,37.097965,61.276379,96.085625
2025-08-31,636.400635,567.075134,45.256245,61.439999,88.037315,43.570316,34.439999,38.723797,62.000095,96.45137
2025-09-30,659.069519,597.562317,47.070499,65.0,88.088066,43.431683,38.5,44.810188,68.499199,96.758842
2025-10-31,674.780029,626.128113,48.788086,62.299999,85.929718,42.843452,39.889999,49.914658,74.630173,97.112694
2025-11-30,676.095886,616.354065,48.384064,51.549999,88.010986,43.971291,42.029999,42.389465,71.704475,97.401001
2025-12-31,676.63501,612.224915,48.450336,49.650002,86.042831,43.841129,42.990002,41.532001,70.328903,97.737259
2026-01-31,686.607117,619.759216,49.007027,47.490002,88.288956,50.057919,48.48,49.66,71.627403,98.01963
2026-02-28,680.673462,605.22876,48.297638,37.189999,93.043724,54.833282,52.470001,49.540001,67.911682,98.292122
2026-03-31,647.062134,575.946228,46.312771,38.419998,87.168999,60.461979,46.700001,43.437,60.942383,98.578087
2026-04-30,715.03772,666.312622,51.069,43.32,94.667305,58.872955,45.98,47.148998,80.97345,98.875687
2026-05-31,752.667114,736.731812,54.605312,41.630001,94.048172,55.556728,45.290001,43.529999,98.366997,99.169243
2026-06-30,744.920227,735.633484,54.819813,33.290001,95.600838,52.796177,40.009998,38.195,96.733292,99.464661
2026-07-31,745.179626,687.273865,51.795425,35.639999,98.099167,59.198124,40.369999,36.377998,83.646904,99.797623
2026-08-31,765.149963,716.013916,53.957645,44.669998,95.610756,63.582066,44.389999,39.495998,90.215088,100.082893
2026-09-30,762.630005,739.77002,55.549999,47.34,89.629997,61.5,41.419998,34.849998,95.650002,100.379005
