decision_month,macro_data_month,sig_curve,sig_sahm,sig_credit,sig_claims,sig_nfci,sig_ip,p_naive_bayes,p_logistic,p_recession,spy_close,spy_sma10,trend_up,tightening_shock,stance,equity_exposure_next_month,hold_month,spy_return,tbill_return,portfolio_return_gross,cost,equity_gross
1993-10,1993-09,0,0,0,0,0,0,0.0112,0.0445,0.02785,26.11,24.9618,True,False,offensive,1.0,1993-11,-0.010674,0.002583,-0.010674,0.0,0.989326
1993-11,1993-10,0,0,0,0,0,0,0.0112,0.0443,0.02775,25.8313,25.1396,True,False,offensive,1.0,1993-12,0.012277,0.00255,0.012277,0.0,1.001472
1993-12,1993-11,0,0,0,0,0,0,0.0112,0.0442,0.0277,26.1484,25.3234,True,False,offensive,1.0,1994-01,0.034876,0.002483,0.034876,0.0,1.036399
1994-01,1993-12,0,0,0,0,0,0,0.0111,0.0441,0.0276,27.0604,25.544,True,False,offensive,1.0,1994-02,-0.029165,0.002708,-0.029165,0.0,1.006173
1994-02,1994-01,0,0,0,0,0,0,0.0109,0.0436,0.02725,26.2711,25.7492,True,False,offensive,1.0,1994-03,-0.041901,0.002917,-0.041901,0.0,0.964013
1994-03,1994-02,0,0,0,0,0,0,0.0108,0.0432,0.027,25.1703,25.7791,False,False,offensive,1.0,1994-04,0.011213,0.003067,0.011213,0.0,0.974823
1994-04,1994-03,0,0,0,0,0,0,0.0106,0.0428,0.0267,25.4526,25.8282,False,False,balanced,0.6,1994-05,0.015938,0.00345,0.010943,0.0002,0.98549
1994-05,1994-04,0,0,0,0,0,0,0.0104,0.0424,0.0264,25.8582,25.93,False,False,balanced,0.6,1994-06,-0.022913,0.00345,-0.012368,0.0,0.973301
1994-06,1994-05,0,0,0,0,0,0,0.0103,0.042,0.02615,25.2658,25.8773,False,False,balanced,0.6,1994-07,0.032325,0.003608,0.020839,0.0,0.993584
1994-07,1994-06,0,0,0,0,0,0,0.0101,0.0416,0.02585,26.0825,25.9251,True,False,offensive,1.0,1994-08,0.038122,0.003733,0.038122,0.0002,1.031462
1994-08,1994-07,0,0,0,0,0,0,0.01,0.0413,0.02565,27.0768,26.0217,True,False,offensive,1.0,1994-09,-0.025255,0.00385,-0.025255,0.0,1.005412
1994-09,1994-08,0,0,0,0,0,0,0.0098,0.0409,0.02535,26.393,26.0779,True,False,offensive,1.0,1994-10,0.028426,0.004125,0.028426,0.0,1.033992
1994-10,1994-09,0,0,0,0,0,0,0.0097,0.0406,0.02515,27.1432,26.1774,True,False,offensive,1.0,1994-11,-0.039816,0.004408,-0.039816,0.0,0.992822
1994-11,1994-10,0,0,0,0,0,0,0.0095,0.0402,0.02485,26.0625,26.0776,False,False,offensive,1.0,1994-12,0.007282,0.004667,0.007282,0.0,1.000052
1994-12,1994-11,0,0,0,0,0,0,0.0094,0.0399,0.02465,26.2523,26.0757,True,False,offensive,1.0,1995-01,0.033608,0.004758,0.033608,0.0,1.033662
1995-01,1994-12,0,0,0,0,0,0,0.0092,0.0395,0.02435,27.1346,26.2721,True,False,offensive,1.0,1995-02,0.04081,0.004808,0.04081,0.0,1.075846
1995-02,1995-01,0,0,0,0,0,0,0.0091,0.0392,0.02415,28.2419,26.5511,True,False,offensive,1.0,1995-03,0.027847,0.004775,0.027847,0.0,1.105805
1995-03,1995-02,0,0,0,0,0,0,0.009,0.0389,0.02395,29.0284,26.8681,True,False,offensive,1.0,1995-04,0.029623,0.004708,0.029623,0.0,1.138562
1995-04,1995-03,0,0,0,0,0,0,0.0089,0.0386,0.02375,29.8883,27.3303,True,False,offensive,1.0,1995-05,0.039673,0.004725,0.039673,0.0,1.183732
1995-05,1995-04,0,0,0,0,0,0,0.0087,0.0383,0.0235,31.074,27.8295,True,False,offensive,1.0,1995-06,0.02023,0.004558,0.02023,0.0,1.207679
1995-06,1995-05,0,0,0,0,0,0,0.0086,0.0379,0.02325,31.7027,28.2921,True,False,offensive,1.0,1995-07,0.032165,0.004517,0.032165,0.0,1.246524
1995-07,1995-06,0,0,1,0,0,0,0.0138,0.0603,0.03705,32.7224,28.925,True,False,offensive,1.0,1995-08,0.004452,0.0045,0.004452,0.0,1.252074
1995-08,1995-07,0,0,1,0,0,0,0.0137,0.0599,0.0368,32.8681,29.4975,True,False,offensive,1.0,1995-09,0.042376,0.0044,0.042376,0.0,1.305131
1995-09,1995-08,0,0,1,0,0,0,0.0136,0.0596,0.0366,34.2609,30.3173,True,False,offensive,1.0,1995-10,-0.002939,0.0044,-0.002939,0.0,1.301296
1995-10,1995-09,0,0,0,0,0,0,0.0082,0.0368,0.0225,34.1602,31.1081,True,False,offensive,1.0,1995-11,0.04448,0.004467,0.04448,0.0,1.359177
1995-11,1995-10,0,0,0,0,0,0,0.0081,0.0365,0.0223,35.6796,31.9626,True,False,offensive,1.0,1995-12,0.015733,0.004283,0.015733,0.0,1.380561
1995-12,1995-11,0,0,0,1,0,0,0.0425,0.0768,0.05965,36.241,32.7626,True,False,offensive,1.0,1996-01,0.035578,0.004167,0.035578,0.0,1.429679
1996-01,1995-12,0,0,0,0,0,0,0.0079,0.036,0.02195,37.5304,33.6128,True,False,offensive,1.0,1996-02,0.00319,0.004025,0.00319,0.0,1.434239
1996-02,1996-01,0,0,0,0,0,0,0.0078,0.0357,0.02175,37.6501,34.3889,True,False,offensive,1.0,1996-03,0.017219,0.004133,0.017219,0.0,1.458936
1996-03,1996-02,0,0,0,0,0,0,0.0077,0.0354,0.02155,38.2984,35.1114,True,False,offensive,1.0,1996-04,0.010869,0.004125,0.010869,0.0,1.474793
1996-04,1996-03,0,0,0,0,0,0,0.0076,0.0352,0.0214,38.7147,35.8126,True,False,offensive,1.0,1996-05,0.0227,0.004183,0.0227,0.0,1.508271
1996-05,1996-04,0,0,0,0,0,0,0.0075,0.0349,0.0212,39.5935,36.4997,True,False,offensive,1.0,1996-06,0.008822,0.004242,0.008822,0.0,1.521577
1996-06,1996-05,0,0,0,0,0,0,0.0074,0.0347,0.02105,39.9428,37.2072,True,False,offensive,1.0,1996-07,-0.044936,0.004292,-0.044936,0.0,1.453203
1996-07,1996-06,0,0,0,0,0,0,0.0073,0.0343,0.0208,38.1479,37.5959,True,False,offensive,1.0,1996-08,0.019259,0.004208,0.019259,0.0,1.48119
1996-08,1996-07,0,0,0,0,0,0,0.0073,0.034,0.02065,38.8826,38.0681,True,False,offensive,1.0,1996-09,0.055872,0.004242,0.055872,0.0,1.563947
1996-09,1996-08,0,0,0,0,0,0,0.0072,0.0337,0.02045,41.0551,38.6056,True,False,offensive,1.0,1996-10,0.032331,0.004158,0.032331,0.0,1.614511
1996-10,1996-09,0,0,0,0,0,0,0.0072,0.0335,0.02035,42.3824,39.2198,True,False,offensive,1.0,1996-11,0.073004,0.004192,0.073004,0.0,1.732377
1996-11,1996-10,0,0,0,0,0,0,0.0071,0.0333,0.0202,45.4765,40.0144,True,False,offensive,1.0,1996-12,-0.023797,0.004092,-0.023797,0.0,1.691152
1996-12,1996-11,0,0,0,0,0,0,0.007,0.0329,0.01995,44.3943,40.6888,True,True,balanced,0.6,1997-01,0.061785,0.004192,0.038748,0.0002,1.75668
1997-01,1996-12,0,0,0,0,0,0,0.0069,0.0326,0.01975,47.1372,41.5727,True,False,offensive,1.0,1997-02,0.009566,0.004175,0.009566,0.0002,1.773485
1997-02,1997-01,0,0,0,0,0,0,0.0069,0.0324,0.01965,47.5881,42.4601,True,True,balanced,0.6,1997-03,-0.044123,0.004283,-0.02476,0.0002,1.729573
1997-03,1997-02,0,0,0,0,0,0,0.0068,0.0322,0.0195,45.4884,43.0495,True,True,balanced,0.6,1997-04,0.062604,0.0043,0.039282,0.0,1.797514
1997-04,1997-03,0,0,0,0,0,0,0.0067,0.032,0.01935,48.3361,43.8889,True,False,offensive,1.0,1997-05,0.063208,0.004208,0.063208,0.0002,1.911132
1997-05,1997-04,0,0,0,0,0,0,0.0066,0.0318,0.0192,51.3914,45.2132,True,False,offensive,1.0,1997-06,0.041102,0.004108,0.041102,0.0,1.989683
1997-06,1997-05,0,0,0,0,0,0,0.0066,0.0316,0.0191,53.5037,46.6753,True,False,offensive,1.0,1997-07,0.079264,0.004208,0.079264,0.0,2.147393
1997-07,1997-06,0,0,0,0,0,0,0.0065,0.0314,0.01895,57.7446,48.3443,True,False,offensive,1.0,1997-08,-0.051803,0.004283,-0.051803,0.0,2.036152
1997-08,1997-07,0,0,0,0,0,0,0.0064,0.0312,0.0188,54.7532,49.5814,True,False,offensive,1.0,1997-09,0.048091,0.004125,0.048091,0.0,2.134072
1997-09,1997-08,0,0,0,0,0,0,0.0063,0.031,0.01865,57.3864,50.7723,True,False,offensive,1.0,1997-10,-0.024504,0.004142,-0.024504,0.0,2.081779
1997-10,1997-09,0,0,0,0,0,0,0.0063,0.0308,0.01855,55.9802,51.9309,True,False,offensive,1.0,1997-11,0.038696,0.004283,0.038696,0.0,2.162336
1997-11,1997-10,0,0,0,0,0,0,0.0062,0.0306,0.0184,58.1464,53.0318,True,False,offensive,1.0,1997-12,0.019072,0.0043,0.019072,0.0,2.203576
1997-12,1997-11,0,0,0,0,0,0,0.0061,0.0305,0.0183,59.2554,54.1986,True,False,offensive,1.0,1998-01,0.012879,0.0042,0.012879,0.0,2.231956
1998-01,1997-12,0,0,0,0,0,0,0.0061,0.0303,0.0182,60.0185,55.6516,True,False,offensive,1.0,1998-02,0.069294,0.004242,0.069294,0.0,2.386617
1998-02,1998-01,0,0,0,0,0,0,0.006,0.0301,0.01805,64.1774,57.2357,True,False,offensive,1.0,1998-03,0.048784,0.004192,0.048784,0.0,2.503045
1998-03,1998-02,0,0,0,0,0,0,0.006,0.0299,0.01795,67.3082,58.8274,True,False,offensive,1.0,1998-04,0.012791,0.004125,0.012791,0.0,2.535062
1998-04,1998-03,0,0,0,0,0,0,0.0059,0.0297,0.0178,68.1692,60.2939,True,False,offensive,1.0,1998-05,-0.020768,0.004167,-0.020768,0.0,2.482414
1998-05,1998-04,0,0,0,0,0,0,0.0058,0.0296,0.0177,66.7534,61.1948,True,False,offensive,1.0,1998-06,0.042572,0.00415,0.042572,0.0,2.588095
1998-06,1998-05,0,0,0,0,0,0,0.0058,0.0294,0.0176,69.5953,62.679,True,False,offensive,1.0,1998-07,-0.013513,0.004133,-0.013513,0.0,2.553122
1998-07,1998-06,0,0,0,0,0,0,0.0057,0.0292,0.01745,68.6548,63.8059,True,False,offensive,1.0,1998-08,-0.14118,0.004083,-0.14118,0.0,2.192672
1998-08,1998-07,0,0,0,0,0,0,0.0057,0.0291,0.0174,58.9622,64.1041,False,False,offensive,1.0,1998-09,0.063639,0.003842,0.063639,0.0,2.332212
1998-09,1998-08,0,0,0,0,0,0,0.0056,0.0289,0.01725,62.7145,64.5609,False,False,balanced,0.6,1998-10,0.081081,0.0033,0.049968,0.0002,2.448748
1998-10,1998-09,0,0,1,0,0,0,0.0099,0.0462,0.02805,67.7994,65.4153,True,False,offensive,1.0,1998-11,0.055683,0.003675,0.055683,0.0002,2.585101
1998-11,1998-10,0,0,1,0,1,0,0.186,0.272,0.229,71.5746,66.5709,True,False,offensive,1.0,1998-12,0.065422,0.003658,0.065422,0.0,2.754224
1998-12,1998-11,0,0,1,0,0,0,0.0099,0.0458,0.02785,76.2572,67.7789,True,False,offensive,1.0,1999-01,0.035226,0.003617,0.035226,0.0,2.851244
1999-01,1998-12,0,0,1,0,0,0,0.0098,0.0456,0.0277,78.9434,68.9424,True,False,offensive,1.0,1999-02,-0.032069,0.0037,-0.032069,0.0,2.759808
1999-02,1999-01,0,0,1,0,0,0,0.0098,0.0454,0.0276,76.4118,69.7667,True,False,offensive,1.0,1999-03,0.041468,0.0037,0.041468,0.0,2.874251
1999-03,1999-02,0,0,1,0,0,0,0.0097,0.0452,0.02745,79.5804,71.0494,True,False,offensive,1.0,1999-04,0.037974,0.003575,0.037974,0.0,2.983398
1999-04,1999-03,0,0,0,0,0,0,0.0052,0.0278,0.0165,82.6024,72.3501,True,False,offensive,1.0,1999-05,-0.022866,0.00375,-0.022866,0.0,2.91518
1999-05,1999-04,0,0,0,0,0,0,0.0052,0.0277,0.01645,80.7137,73.556,True,False,offensive,1.0,1999-06,0.055379,0.003808,0.055379,0.0,3.07662
1999-06,1999-05,0,0,0,0,0,0,0.0051,0.0275,0.0163,85.1835,76.1781,True,False,offensive,1.0,1999-07,-0.031022,0.003792,-0.031022,0.0,2.981177
1999-07,1999-06,0,0,0,0,0,0,0.0051,0.0274,0.01625,82.541,78.1607,True,False,offensive,1.0,1999-08,-0.005179,0.003933,-0.005179,0.0,2.965737
1999-08,1999-07,0,0,0,0,0,0,0.005,0.0272,0.0161,82.1135,79.5921,True,False,offensive,1.0,1999-09,-0.022337,0.0039,-0.022337,0.0,2.899491
1999-09,1999-08,0,0,0,0,0,0,0.005,0.0271,0.01605,80.2793,80.4626,False,False,offensive,1.0,1999-10,0.064078,0.00405,0.064078,0.0,3.085285
1999-10,1999-09,0,0,0,0,0,0,0.005,0.0269,0.01595,85.4234,81.3792,True,False,offensive,1.0,1999-11,0.016652,0.004225,0.016652,0.0,3.136661
1999-11,1999-10,0,0,0,0,0,0,0.005,0.0269,0.01595,86.8459,82.1695,True,False,offensive,1.0,1999-12,0.057109,0.004333,0.057109,0.0,3.315793
1999-12,1999-11,0,0,0,0,0,0,0.005,0.0267,0.01585,91.8055,83.7089,True,False,offensive,1.0,2000-01,-0.049788,0.004433,-0.049788,0.0,3.150706
2000-01,1999-12,0,0,0,0,0,0,0.0049,0.0265,0.0157,87.2348,84.4743,True,False,offensive,1.0,2000-02,-0.015226,0.004625,-0.015226,0.0,3.102733
2000-02,2000-01,0,0,0,0,0,0,0.0049,0.0263,0.0156,85.9066,84.8047,True,False,offensive,1.0,2000-03,0.096914,0.004742,0.096914,0.0,3.403432
2000-03,2000-02,0,0,0,0,0,0,0.0049,0.0262,0.01555,94.2321,86.1565,True,False,offensive,1.0,2000-04,-0.03512,0.004717,-0.03512,0.0,3.283903
2000-04,2000-03,0,0,0,0,0,0,0.0049,0.026,0.01545,90.9226,86.7305,True,True,balanced,0.6,2000-05,-0.015723,0.004825,-0.007504,0.0002,3.259261
2000-05,2000-04,0,0,0,0,0,0,0.0048,0.0259,0.01535,89.4931,87.4257,True,True,balanced,0.6,2000-06,0.019682,0.004742,0.013706,0.0,3.303932
2000-06,2000-05,0,0,1,0,1,0,0.1636,0.2481,0.20585,91.2545,88.3398,True,True,balanced,0.6,2000-07,-0.015702,0.004967,-0.007435,0.0,3.279368
2000-07,2000-06,0,0,1,0,1,0,0.1639,0.2481,0.206,89.8216,89.294,True,True,balanced,0.6,2000-08,0.065341,0.005075,0.041234,0.0,3.414589
2000-08,2000-07,0,0,1,0,0,0,0.0076,0.0375,0.02255,95.6906,90.3207,True,True,balanced,0.6,2000-09,-0.054862,0.005,-0.030917,0.0,3.30902
2000-09,2000-08,1,0,1,1,0,0,0.7247,0.6031,0.6639,90.4408,90.6802,False,True,balanced,0.6,2000-10,-0.004678,0.005092,-0.00077,0.0,3.306472
2000-10,2000-09,1,0,1,0,0,0,0.2763,0.3914,0.33385,90.0177,90.5014,False,True,defensive,0.2,2000-11,-0.074653,0.005142,-0.010817,0.0002,3.270706
2000-11,2000-10,1,0,0,0,0,1,0.4373,0.2913,0.3643,83.2976,90.1077,False,False,defensive,0.2,2000-12,-0.005227,0.004808,0.002801,0.0,3.279867
2000-12,2000-11,1,0,0,1,0,1,0.8445,0.4912,0.66785,82.8623,89.8033,False,False,defensive,0.2,2001-01,0.04446,0.004292,0.012325,0.0,3.320292
2001-01,2000-12,1,0,1,1,0,1,0.901,0.5893,0.74515,86.5463,89.0347,False,False,defensive,0.2,2001-02,-0.095388,0.004067,-0.015824,0.0,3.267751
2001-02,2001-01,1,0,1,1,0,1,0.9018,0.5886,0.7452,78.2908,87.7715,False,False,defensive,0.2,2001-03,-0.056037,0.003683,-0.008261,0.0,3.240757
2001-03,2001-02,1,0,1,1,0,1,0.9026,0.5879,0.74525,73.9037,86.2126,False,False,defensive,0.2,2001-04,0.085439,0.003225,0.019668,0.0,3.304496
2001-04,2001-03,1,1,1,1,0,1,0.8994,0.3578,0.6286,80.2179,85.1089,False,False,defensive,0.2,2001-05,-0.005605,0.003017,0.001292,0.0,3.308765
2001-05,2001-04,1,1,1,1,0,1,0.9006,0.3574,0.629,79.7683,84.1036,False,False,defensive,0.2,2001-06,-0.023829,0.002908,-0.002439,0.0,3.300695
2001-06,2001-05,1,1,0,1,0,1,0.8446,0.279,0.5618,77.8675,82.3213,False,False,defensive,0.2,2001-07,-0.010196,0.002925,0.000301,0.0,3.301689
2001-07,2001-06,1,1,0,1,0,1,0.847,0.2864,0.5667,77.0735,80.9846,False,False,defensive,0.2,2001-08,-0.059332,0.0028,-0.009626,0.0,3.269907
2001-08,2001-07,1,1,0,1,0,1,0.8488,0.2863,0.56755,72.5006,79.2328,False,False,defensive,0.2,2001-09,-0.081631,0.0022,-0.014566,0.0,3.222277
2001-09,2001-08,1,1,0,1,0,1,0.8277,0.266,0.54685,66.5823,77.5613,False,False,defensive,0.2,2001-10,0.013022,0.0018,0.004044,0.0,3.235308
2001-10,2001-09,1,1,1,1,0,1,0.8678,0.2838,0.5758,67.4494,76.02,False,False,defensive,0.2,2001-11,0.077977,0.001558,0.016842,0.0,3.289797
2001-11,2001-10,1,1,1,1,0,1,0.8531,0.2716,0.56235,72.7089,74.6363,False,False,defensive,0.2,2001-12,0.005639,0.001408,0.002254,0.0,3.297212
2001-12,2001-11,1,1,1,1,0,1,0.8316,0.2491,0.54035,73.1189,74.1191,False,False,defensive,0.2,2002-01,-0.009799,0.001375,-0.00086,0.0,3.294377
2002-01,2001-12,0,1,0,1,0,1,0.1889,0.0218,0.10535,72.4024,73.969,False,False,balanced,0.6,2002-02,-0.017936,0.001433,-0.010188,0.0002,3.260813
2002-02,2002-01,0,1,0,0,0,1,0.0343,0.0108,0.02255,71.1038,73.0576,False,False,balanced,0.6,2002-03,0.033271,0.001492,0.020559,0.0,3.327853
2002-03,2002-02,0,1,0,0,0,1,0.0362,0.0108,0.0235,73.4695,72.4277,True,False,offensive,1.0,2002-04,-0.058156,0.001425,-0.058156,0.0002,3.134318
2002-04,2002-03,0,1,0,0,0,0,0.0098,0.0112,0.0105,69.1968,71.5606,False,False,offensive,1.0,2002-05,-0.005934,0.001442,-0.005934,0.0,3.115719
2002-05,2002-04,0,1,0,0,0,0,0.0098,0.0112,0.0105,68.7862,70.7319,False,False,balanced,0.6,2002-06,-0.073807,0.001417,-0.043718,0.0002,2.979506
2002-06,2002-05,0,1,0,0,0,0,0.0098,0.0112,0.0105,63.7093,69.8527,False,False,balanced,0.6,2002-07,-0.07882,0.0014,-0.046732,0.0,2.840268
2002-07,2002-06,0,1,0,0,0,0,0.0098,0.0112,0.0105,58.6877,69.0633,False,False,balanced,0.6,2002-08,0.006802,0.00135,0.004621,0.0,2.853393
2002-08,2002-07,0,1,1,0,0,0,0.0276,0.0295,0.02855,59.0869,68.227,False,False,balanced,0.6,2002-09,-0.104853,0.001358,-0.062368,0.0,2.675432
2002-09,2002-08,0,1,1,0,0,0,0.0276,0.0295,0.02855,52.8915,66.2453,False,False,balanced,0.6,2002-10,0.082283,0.001317,0.049897,0.0,2.808928
2002-10,2002-09,0,1,1,0,0,0,0.0276,0.0295,0.02855,57.2436,64.6578,False,False,balanced,0.6,2002-11,0.061682,0.001025,0.037419,0.0,2.914035
2002-11,2002-10,0,1,1,0,0,0,0.0276,0.0295,0.02855,60.7745,63.495,False,False,balanced,0.6,2002-12,-0.05657,0.000992,-0.033545,0.0,2.816284
2002-12,2002-11,0,1,1,0,0,0,0.0276,0.0295,0.02855,57.3365,62.1182,False,False,balanced,0.6,2003-01,-0.024595,0.000975,-0.014367,0.0,2.775823
2003-01,2002-12,0,1,1,0,0,1,0.1093,0.0302,0.06975,55.9263,60.3639,False,False,balanced,0.6,2003-02,-0.013479,0.000975,-0.007698,0.0,2.754454
2003-02,2003-01,0,0,0,0,0,0,0.0121,0.0383,0.0252,55.1724,58.9615,False,False,balanced,0.6,2003-03,0.00214,0.000942,0.001661,0.0,2.759029
2003-03,2003-02,0,0,0,0,0,0,0.0121,0.0383,0.0252,55.2905,57.6119,False,False,balanced,0.6,2003-04,0.084612,0.000942,0.051144,0.0,2.900137
2003-04,2003-03,0,0,0,0,0,0,0.0121,0.0383,0.0252,59.9687,57.2379,True,False,offensive,1.0,2003-05,0.054836,0.000892,0.054836,0.0002,3.059169
2003-05,2003-04,0,0,0,0,0,0,0.0121,0.0383,0.0252,63.2572,57.6948,True,False,offensive,1.0,2003-06,0.010651,0.000767,0.010651,0.0,3.091752
2003-06,2003-05,0,0,0,0,0,1,0.0501,0.0393,0.0447,63.931,58.1792,True,False,offensive,1.0,2003-07,0.018027,0.00075,0.018027,0.0,3.147487
2003-07,2003-06,0,1,0,0,0,0,0.0098,0.0112,0.0105,65.0835,59.3984,True,False,offensive,1.0,2003-08,0.020626,0.000792,0.020626,0.0,3.212407
2003-08,2003-07,0,1,0,0,0,1,0.0412,0.0115,0.02635,66.4259,60.3166,True,False,offensive,1.0,2003-09,-0.010906,0.000783,-0.010906,0.0,3.177373
2003-09,2003-08,0,1,0,0,0,1,0.0328,0.011,0.0219,65.7014,60.8093,True,False,offensive,1.0,2003-10,0.053527,0.000767,0.053527,0.0,3.347448
2003-10,2003-09,0,1,0,0,0,0,0.0084,0.0107,0.00955,69.2182,61.9975,True,False,offensive,1.0,2003-11,0.010921,0.000775,0.010921,0.0,3.384006
2003-11,2003-10,0,1,0,0,0,0,0.0083,0.0106,0.00945,69.9742,63.4023,True,False,offensive,1.0,2003-12,0.050312,0.00075,0.050312,0.0,3.554262
2003-12,2003-11,0,0,0,0,0,0,0.0121,0.0377,0.0249,73.4948,65.2345,True,False,offensive,1.0,2004-01,0.01977,0.000733,0.01977,0.0,3.62453
2004-01,2003-12,0,0,0,0,0,0,0.0121,0.0376,0.02485,74.9477,67.2003,True,False,offensive,1.0,2004-02,0.013571,0.000775,0.013571,0.0,3.673718
2004-02,2004-01,0,0,0,0,0,0,0.012,0.0374,0.0247,75.9649,68.7999,True,False,offensive,1.0,2004-03,-0.013246,0.000783,-0.013246,0.0,3.625056
2004-03,2004-02,0,0,0,0,0,0,0.012,0.0372,0.0246,74.9586,69.97,True,False,offensive,1.0,2004-04,-0.018921,0.000783,-0.018921,0.0,3.556466
2004-04,2004-03,0,0,0,0,0,0,0.0119,0.0371,0.0245,73.5403,70.931,True,False,offensive,1.0,2004-05,0.017124,0.00085,0.017124,0.0,3.617367
2004-05,2004-04,0,0,0,0,0,0,0.0118,0.0369,0.02435,74.7996,71.9026,True,False,offensive,1.0,2004-06,0.018502,0.001058,0.018502,0.0,3.684296
2004-06,2004-05,0,0,0,0,0,0,0.0117,0.0368,0.02425,76.1835,72.8783,True,False,offensive,1.0,2004-07,-0.032219,0.001108,-0.032219,0.0,3.565591
2004-07,2004-06,0,0,0,0,0,0,0.0117,0.0367,0.0242,73.729,73.6811,True,False,offensive,1.0,2004-08,0.002437,0.001233,0.002437,0.0,3.574281
2004-08,2004-07,0,0,0,0,0,0,0.0117,0.0367,0.0242,73.9086,74.1501,False,False,offensive,1.0,2004-09,0.010036,0.001375,0.010036,0.0,3.610152
2004-09,2004-08,0,0,0,0,0,0,0.0117,0.0366,0.02415,74.6504,74.6177,True,False,offensive,1.0,2004-10,0.012885,0.001467,0.012885,0.0,3.656669
2004-10,2004-09,0,0,0,0,0,0,0.0117,0.0366,0.02415,75.6122,74.8295,True,False,offensive,1.0,2004-11,0.044517,0.001725,0.044517,0.0,3.819453
2004-11,2004-10,0,0,0,0,0,0,0.0117,0.0366,0.02415,78.9783,75.2325,True,False,offensive,1.0,2004-12,0.030121,0.001825,0.030121,0.0,3.934499
2004-12,2004-11,0,0,0,0,0,0,0.0116,0.0364,0.024,81.3572,75.7718,True,True,balanced,0.6,2005-01,-0.02242,0.001942,-0.012676,0.0002,3.884625
2005-01,2004-12,0,0,0,0,0,0,0.0115,0.0362,0.02385,79.5331,76.2292,True,True,balanced,0.6,2005-02,0.020904,0.002117,0.013389,0.0,3.936636
2005-02,2005-01,0,0,0,0,0,0,0.0114,0.0361,0.02375,81.1957,76.9947,True,True,balanced,0.6,2005-03,-0.018293,0.002283,-0.010063,0.0,3.897022
2005-03,2005-02,0,0,0,0,0,0,0.0113,0.0359,0.0236,79.7103,77.4858,True,False,offensive,1.0,2005-04,-0.018735,0.002317,-0.018735,0.0002,3.824011
2005-04,2005-03,0,0,0,0,0,0,0.0112,0.0358,0.0235,78.2169,77.6892,True,False,offensive,1.0,2005-05,0.032225,0.002367,0.032225,0.0,3.94724
2005-05,2005-04,0,0,0,0,0,0,0.0111,0.0356,0.02335,80.7375,78.39,True,False,offensive,1.0,2005-06,0.001515,0.002475,0.001515,0.0,3.95322
2005-06,2005-05,0,0,0,0,0,0,0.0111,0.0355,0.0233,80.8598,79.0851,True,True,balanced,0.6,2005-07,0.038261,0.002683,0.02403,0.0002,4.048216
2005-07,2005-06,0,0,0,0,0,0,0.011,0.0353,0.02315,83.9536,80.0155,True,False,offensive,1.0,2005-08,-0.009374,0.002867,-0.009374,0.0002,4.010268
2005-08,2005-07,0,0,0,0,0,0,0.0109,0.0352,0.02305,83.1666,80.7709,True,False,offensive,1.0,2005-09,0.008025,0.00285,0.008025,0.0,4.04245
2005-09,2005-08,0,0,0,0,0,0,0.0108,0.035,0.0229,83.834,81.2565,True,False,offensive,1.0,2005-10,-0.023651,0.003092,-0.023651,0.0,3.946842
2005-10,2005-09,0,0,0,1,0,1,0.2591,0.0757,0.1674,81.8512,81.3059,True,True,balanced,0.6,2005-11,0.043953,0.003233,0.027665,0.0002,4.056032
2005-11,2005-10,0,0,0,0,0,1,0.0389,0.0354,0.03715,85.4489,81.8974,True,True,balanced,0.6,2005-12,-0.001914,0.003242,0.000148,0.0,4.056632
2005-12,2005-11,0,0,0,0,0,0,0.0106,0.0346,0.0226,85.2853,82.3064,True,True,balanced,0.6,2006-01,0.024014,0.003533,0.015822,0.0,4.120816
2006-01,2005-12,0,0,0,0,0,0,0.0105,0.0344,0.02245,87.3334,83.0687,True,False,offensive,1.0,2006-02,0.005726,0.003692,0.005726,0.0002,4.144412
2006-02,2006-01,0,0,0,0,0,0,0.0104,0.0343,0.02235,87.8335,84.0304,True,False,offensive,1.0,2006-03,0.016503,0.003758,0.016503,0.0,4.212807
2006-03,2006-02,0,0,0,0,0,0,0.0104,0.0341,0.02225,89.283,84.8849,True,False,offensive,1.0,2006-04,0.012632,0.003833,0.012632,0.0,4.266023
2006-04,2006-03,0,0,0,0,0,0,0.0103,0.034,0.02215,90.4108,85.84,True,True,balanced,0.6,2006-05,-0.030121,0.003933,-0.016499,0.0002,4.195638
2006-05,2006-04,0,0,0,0,0,0,0.0102,0.0339,0.02205,87.6876,86.2134,True,False,offensive,1.0,2006-06,0.002608,0.003992,0.002608,0.0002,4.20658
2006-06,2006-05,0,0,0,0,0,0,0.0102,0.0337,0.02195,87.9163,86.6884,True,True,balanced,0.6,2006-07,0.004478,0.004125,0.004337,0.0002,4.224824
2006-07,2006-06,0,0,0,0,0,0,0.0101,0.0336,0.02185,88.31,87.136,True,True,balanced,0.6,2006-08,0.021822,0.004133,0.014747,0.0,4.287128
2006-08,2006-07,0,0,0,0,0,0,0.01,0.0335,0.02175,90.2371,87.9746,True,True,balanced,0.6,2006-09,0.027002,0.004008,0.017805,0.0,4.36346
2006-09,2006-08,1,0,0,0,0,0,0.3869,0.4768,0.43185,92.6737,88.6971,True,True,balanced,0.6,2006-10,0.031516,0.0041,0.02055,0.0,4.453129
2006-10,2006-09,1,0,0,0,0,0,0.3878,0.4768,0.4323,95.5944,89.728,True,False,offensive,1.0,2006-11,0.019885,0.004117,0.019885,0.0002,4.54168
2006-11,2006-10,1,0,0,0,0,0,0.3879,0.4763,0.4321,97.4954,90.7442,True,False,offensive,1.0,2006-12,0.013371,0.004042,0.013371,0.0,4.602406
2006-12,2006-11,1,0,0,0,0,0,0.3871,0.4755,0.4313,98.799,91.8407,True,False,offensive,1.0,2007-01,0.01504,0.00415,0.01504,0.0,4.671627
2007-01,2006-12,1,0,0,0,0,0,0.3863,0.4747,0.4305,100.285,92.9409,True,False,offensive,1.0,2007-02,-0.019618,0.004192,-0.019618,0.0,4.579979
2007-02,2007-01,1,0,0,0,0,0,0.3855,0.4739,0.4297,98.3176,93.7316,True,False,offensive,1.0,2007-03,0.011589,0.004117,0.011589,0.0,4.633056
2007-03,2007-02,1,0,0,0,0,0,0.3847,0.4731,0.4289,99.457,94.9085,True,False,offensive,1.0,2007-04,0.044296,0.004058,0.044296,0.0,4.838282
2007-04,2007-03,1,0,0,0,0,0,0.3839,0.4723,0.4281,103.8625,96.5032,True,False,offensive,1.0,2007-05,0.03392,0.003942,0.03392,0.0,5.002396
2007-05,2007-04,1,0,0,0,0,0,0.3831,0.4716,0.42735,107.3856,98.4107,True,False,offensive,1.0,2007-06,-0.01462,0.003842,-0.01462,0.0,4.929261
2007-06,2007-05,1,0,0,0,0,0,0.3824,0.4708,0.4266,105.8155,99.9686,True,False,offensive,1.0,2007-07,-0.031311,0.004017,-0.031311,0.0,4.774921
2007-07,2007-06,1,0,0,0,0,0,0.3816,0.47,0.4258,102.5024,100.9514,True,False,offensive,1.0,2007-08,0.012833,0.0035,0.012833,0.0,4.836198
2007-08,2007-07,1,0,0,0,0,0,0.3809,0.4693,0.4251,103.8178,101.7738,True,False,offensive,1.0,2007-09,0.038715,0.003242,0.038715,0.0,5.023431
2007-09,2007-08,1,0,1,0,1,0,0.9452,0.9356,0.9404,107.837,102.8079,True,False,balanced,0.6,2007-10,0.013566,0.00325,0.00944,0.0002,5.070852
2007-10,2007-09,1,0,1,0,1,0,0.9397,0.932,0.93585,109.3,103.858,True,False,balanced,0.6,2007-11,-0.038732,0.002725,-0.022149,0.0,4.958538
2007-11,2007-10,1,0,0,0,1,0,0.8238,0.818,0.8209,105.0666,104.3362,True,False,balanced,0.6,2007-12,-0.011261,0.0025,-0.005756,0.0,4.929997
2007-12,2007-11,1,0,1,0,1,0,0.9291,0.9257,0.9274,103.8834,104.8928,False,False,balanced,0.6,2008-01,-0.060461,0.002292,-0.03536,0.0,4.755672
2008-01,2007-12,1,1,1,0,1,0,0.9021,0.7911,0.8466,97.6025,104.7073,False,False,defensive,0.2,2008-02,-0.025842,0.001767,-0.003755,0.0002,4.737815
2008-02,2008-01,1,1,1,0,1,0,0.8961,0.7883,0.8422,95.0802,103.8291,False,False,defensive,0.2,2008-03,-0.008942,0.00105,-0.000948,0.0,4.733323
2008-03,2008-02,1,1,1,0,1,1,0.9692,0.7999,0.88455,94.23,102.5135,False,False,defensive,0.2,2008-04,0.047662,0.001075,0.010392,0.0,4.782512
2008-04,2008-03,1,1,1,1,1,1,0.9963,0.9115,0.9539,98.7212,101.8041,False,False,defensive,0.2,2008-05,0.015116,0.001442,0.004177,0.0,4.802488
2008-05,2008-04,0,1,1,1,1,1,0.8943,0.3751,0.6347,100.2135,101.5752,False,False,defensive,0.2,2008-06,-0.083576,0.00155,-0.015475,0.0,4.72817
2008-06,2008-05,0,1,1,1,1,1,0.8957,0.3835,0.6396,91.8381,100.3773,False,False,defensive,0.2,2008-07,-0.008986,0.001358,-0.00071,0.0,4.724813
2008-07,2008-06,0,1,1,1,1,1,0.8971,0.3914,0.64425,91.0129,98.6948,False,False,defensive,0.2,2008-08,0.015454,0.001433,0.004237,0.0,4.744832
2008-08,2008-07,0,1,1,1,1,1,0.8985,0.3989,0.6487,92.4194,97.0068,False,False,defensive,0.2,2008-09,-0.094174,0.000942,-0.018081,0.0,4.659041
2008-09,2008-08,0,1,0,1,1,1,0.7384,0.2037,0.47105,83.7159,94.8717,False,False,defensive,0.2,2008-10,-0.165186,0.000558,-0.032591,0.0,4.507198
2008-10,2008-09,0,1,0,1,1,1,0.7389,0.228,0.48345,69.8871,91.4721,False,False,defensive,0.2,2008-11,-0.069606,0.000158,-0.013795,0.0,4.445021
2008-11,2008-10,0,1,1,1,1,1,0.8951,0.411,0.65305,65.0226,88.2141,False,False,defensive,0.2,2008-12,0.009796,2.5e-05,0.001979,0.0,4.453818
2008-12,2008-11,0,1,1,1,1,1,0.8933,0.4095,0.6514,65.6595,85.272,False,False,defensive,0.2,2009-01,-0.082114,0.000108,-0.016336,0.0,4.38106
2009-01,2008-12,0,1,1,1,1,1,0.8253,0.2392,0.53225,60.2679,81.8758,False,False,defensive,0.2,2009-02,-0.107449,0.00025,-0.02129,0.0,4.287787
2009-02,2009-01,0,1,1,1,1,1,0.8253,0.2392,0.53225,53.7922,77.3829,False,False,defensive,0.2,2009-03,0.083311,0.000175,0.016802,0.0,4.359831
2009-03,2009-02,0,1,1,1,1,1,0.8253,0.2392,0.53225,58.2737,73.1889,False,False,defensive,0.2,2009-04,0.099346,0.000133,0.019976,0.0,4.446923
2009-04,2009-03,0,1,1,1,1,1,0.8253,0.2392,0.53225,64.0629,70.4114,False,False,defensive,0.2,2009-05,0.058454,0.00015,0.011811,0.0,4.499445
2009-05,2009-04,0,1,1,1,1,1,0.8253,0.2392,0.53225,67.8076,68.0909,False,False,defensive,0.2,2009-06,-0.000655,0.00015,-1.1e-05,0.0,4.499396
2009-06,2009-05,0,1,0,1,1,1,0.6044,0.0961,0.35025,67.7632,65.6253,True,False,offensive,1.0,2009-07,0.074606,0.00015,0.074606,0.0004,4.835078
2009-07,2009-06,0,1,0,1,1,1,0.6044,0.0961,0.35025,72.8188,64.5356,True,False,offensive,1.0,2009-08,0.03694,0.000142,0.03694,0.0,5.013686
2009-08,2009-07,0,1,0,1,1,1,0.6044,0.0961,0.35025,75.5087,65.0977,True,False,offensive,1.0,2009-09,0.035457,0.0001,0.035457,0.0,5.191456
2009-09,2009-08,0,1,0,1,1,1,0.6044,0.0961,0.35025,78.186,66.414,True,False,offensive,1.0,2009-10,-0.019225,5.8e-05,-0.019225,0.0,5.09165
2009-10,2009-09,0,1,0,1,1,0,0.3371,0.1006,0.21885,76.6828,67.5164,True,False,offensive,1.0,2009-11,0.061607,4.2e-05,0.061607,0.0,5.405331
2009-11,2009-10,0,1,0,0,1,0,0.0692,0.0505,0.05985,81.407,69.6303,True,False,offensive,1.0,2009-12,0.019101,4.2e-05,0.019101,0.0,5.508579
2009-12,2009-11,0,1,0,0,0,0,0.0094,0.0088,0.0091,82.962,72.5473,True,False,offensive,1.0,2010-01,-0.036343,5e-05,-0.036343,0.0,5.30838
2010-01,2009-12,0,1,0,0,0,0,0.0094,0.0088,0.0091,79.9469,74.7146,True,False,offensive,1.0,2010-02,0.031194,9.2e-05,0.031194,0.0,5.47397
2010-02,2010-01,0,1,0,0,0,0,0.0094,0.0088,0.0091,82.4408,76.5524,True,False,offensive,1.0,2010-03,0.06088,0.000125,0.06088,0.0,5.807225
2010-03,2010-02,0,1,0,0,0,0,0.0094,0.0088,0.0091,87.4598,78.5176,True,False,offensive,1.0,2010-04,0.01547,0.000133,0.01547,0.0,5.897063
2010-04,2010-03,0,1,0,0,0,0,0.0094,0.0088,0.0091,88.8128,80.6226,True,False,offensive,1.0,2010-05,-0.079454,0.000133,-0.079454,0.0,5.428518
2010-05,2010-04,0,1,0,0,0,0,0.0094,0.0088,0.0091,81.7563,81.5163,True,False,offensive,1.0,2010-06,-0.051741,0.0001,-0.051741,0.0,5.147641
2010-06,2010-05,0,1,0,0,0,0,0.0094,0.0088,0.0091,77.5261,81.7181,False,False,offensive,1.0,2010-07,0.0683,0.000133,0.0683,0.0,5.499225
2010-07,2010-06,0,1,0,0,0,0,0.0094,0.0088,0.0091,82.8212,82.1816,True,False,offensive,1.0,2010-08,-0.04498,0.000133,-0.04498,0.0,5.25187
2010-08,2010-07,0,0,1,0,0,0,0.0419,0.0926,0.06725,79.0958,82.4229,False,False,offensive,1.0,2010-09,0.089555,0.000125,0.089555,0.0,5.722201
2010-09,2010-08,0,0,1,0,0,0,0.0419,0.0926,0.06725,86.1793,82.9001,True,False,offensive,1.0,2010-10,0.038202,0.000108,0.038202,0.0,5.9408
2010-10,2010-09,0,0,1,0,0,0,0.0419,0.0926,0.06725,89.4714,83.551,True,False,offensive,1.0,2010-11,0.0,0.000117,0.0,0.0,5.9408
2010-11,2010-10,0,0,1,0,0,0,0.0434,0.0944,0.0689,89.4714,84.5035,True,False,offensive,1.0,2010-12,0.066853,0.000117,0.066853,0.0,6.337961
2010-12,2010-11,0,0,1,0,0,0,0.0435,0.0943,0.0689,95.4529,85.8047,True,False,offensive,1.0,2011-01,0.0233,0.000125,0.0233,0.0,6.485635
2011-01,2010-12,0,0,0,0,0,0,0.0142,0.0331,0.02365,97.6769,86.8264,True,False,offensive,1.0,2011-02,0.034737,0.000108,0.034737,0.0,6.710927
2011-02,2011-01,0,0,0,0,0,0,0.0142,0.0331,0.02365,101.0699,88.0521,True,False,offensive,1.0,2011-03,0.00012,8.3e-05,0.00012,0.0,6.711732
2011-03,2011-02,0,0,0,0,0,0,0.0141,0.0331,0.0236,101.0821,89.9847,True,False,offensive,1.0,2011-04,0.028962,5e-05,0.028962,0.0,6.906117
2011-04,2011-03,0,0,0,0,0,0,0.0141,0.033,0.02355,104.0096,92.633,True,False,offensive,1.0,2011-05,-0.011215,3.3e-05,-0.011215,0.0,6.828665
2011-05,2011-04,0,0,0,0,0,0,0.0141,0.033,0.02355,102.8431,94.6352,True,False,offensive,1.0,2011-06,-0.016869,3.3e-05,-0.016869,0.0,6.713472
2011-06,2011-05,0,0,0,0,0,0,0.0141,0.033,0.02355,101.1082,96.8365,True,False,offensive,1.0,2011-07,-0.020005,3.3e-05,-0.020005,0.0,6.579169
2011-07,2011-06,0,0,0,0,0,0,0.014,0.033,0.0235,99.0856,98.1271,True,False,offensive,1.0,2011-08,-0.054976,1.7e-05,-0.054976,0.0,6.217473
2011-08,2011-07,0,0,0,0,0,0,0.014,0.0328,0.0234,93.6383,98.5438,False,False,offensive,1.0,2011-09,-0.069421,8e-06,-0.069421,0.0,5.78585
2011-09,2011-08,0,0,1,0,0,0,0.0418,0.0909,0.06635,87.1378,98.3104,False,False,balanced,0.6,2011-10,0.109148,1.7e-05,0.065495,0.0002,6.164794
2011-10,2011-09,0,0,1,0,0,0,0.0408,0.0894,0.0651,96.6487,98.43,False,False,balanced,0.6,2011-11,-0.004064,8e-06,-0.002435,0.0,6.149783
2011-11,2011-10,0,0,1,0,0,0,0.0399,0.088,0.06395,96.2559,98.2879,False,False,balanced,0.6,2011-12,0.010449,8e-06,0.006273,0.0,6.18836
2011-12,2011-11,0,0,1,0,0,0,0.039,0.0867,0.06285,97.2617,97.9071,False,False,balanced,0.6,2012-01,0.046374,2.5e-05,0.027835,0.0,6.360613
2012-01,2011-12,0,0,1,0,0,0,0.0389,0.0865,0.0627,101.7721,97.9761,True,False,offensive,1.0,2012-02,0.043405,7.5e-05,0.043405,0.0002,6.636696
2012-02,2012-01,0,0,1,0,0,0,0.0388,0.0863,0.06255,106.1896,98.1941,True,False,offensive,1.0,2012-03,0.032164,6.7e-05,0.032164,0.0,6.850158
2012-03,2012-02,0,0,0,0,0,0,0.0136,0.0317,0.02265,109.605,98.8703,True,False,offensive,1.0,2012-04,-0.006676,6.7e-05,-0.006676,0.0,6.804427
2012-04,2012-03,0,0,0,0,0,0,0.0135,0.0316,0.02255,108.8733,99.6468,True,False,offensive,1.0,2012-05,-0.060056,7.5e-05,-0.060056,0.0,6.39578
2012-05,2012-04,0,0,0,0,0,0,0.0134,0.0315,0.02245,102.3349,99.9717,True,False,offensive,1.0,2012-06,0.040581,7.5e-05,0.040581,0.0,6.655327
2012-06,2012-05,0,0,0,0,0,0,0.0133,0.0314,0.02235,106.4878,101.2567,True,False,offensive,1.0,2012-07,0.01183,8.3e-05,0.01183,0.0,6.73406
2012-07,2012-06,0,0,0,0,0,0,0.0133,0.0313,0.0223,107.7475,103.3176,True,False,offensive,1.0,2012-08,0.025052,8.3e-05,0.025052,0.0,6.902761
2012-08,2012-07,0,0,0,0,0,0,0.0132,0.0312,0.0222,110.4468,104.6975,True,False,offensive,1.0,2012-09,0.025351,9.2e-05,0.025351,0.0,7.077753
2012-09,2012-08,0,0,0,0,0,0,0.0132,0.0311,0.02215,113.2467,106.3965,True,False,offensive,1.0,2012-10,-0.018199,8.3e-05,-0.018199,0.0,6.948945
2012-10,2012-09,0,0,0,0,0,0,0.0131,0.0309,0.022,111.1858,107.789,True,False,offensive,1.0,2012-11,0.00566,7.5e-05,0.00566,0.0,6.988276
2012-11,2012-10,0,0,0,0,0,0,0.0131,0.0308,0.02195,111.8151,108.7933,True,False,offensive,1.0,2012-12,0.008934,5.8e-05,0.008934,0.0,7.050709
2012-12,2012-11,0,0,0,0,0,0,0.0131,0.0306,0.02185,112.8141,109.4557,True,False,offensive,1.0,2013-01,0.051191,5.8e-05,0.051191,0.0,7.411642
2013-01,2012-12,0,0,0,0,0,0,0.013,0.0305,0.02175,118.5891,110.3541,True,False,offensive,1.0,2013-02,0.012759,8.3e-05,0.012759,0.0,7.506207
2013-02,2013-01,0,0,0,0,0,0,0.013,0.0303,0.02165,120.1022,111.477,True,False,offensive,1.0,2013-03,0.037972,7.5e-05,0.037972,0.0,7.791233
2013-03,2013-02,0,0,0,0,0,0,0.0129,0.0302,0.02155,124.6627,113.7098,True,False,offensive,1.0,2013-04,0.019211,5e-05,0.019211,0.0,7.94091
2013-04,2013-03,0,0,0,0,0,0,0.0128,0.0301,0.02145,127.0576,115.7668,True,False,offensive,1.0,2013-05,0.02361,3.3e-05,0.02361,0.0,8.128395
2013-05,2013-04,0,0,0,0,0,0,0.0128,0.03,0.0214,130.0575,117.9978,True,False,offensive,1.0,2013-06,-0.013344,4.2e-05,-0.013344,0.0,8.01993
2013-06,2013-05,0,0,0,0,0,0,0.0127,0.03,0.02135,128.3219,119.7853,True,False,offensive,1.0,2013-07,0.051676,3.3e-05,0.051676,0.0,8.434368
2013-07,2013-06,0,0,0,0,0,0,0.0126,0.0299,0.02125,134.9531,121.9559,True,False,offensive,1.0,2013-08,-0.029992,3.3e-05,-0.029992,0.0,8.181404
2013-08,2013-07,0,0,0,0,0,0,0.0126,0.0298,0.0212,130.9056,123.9279,True,False,offensive,1.0,2013-09,0.031646,1.7e-05,0.031646,0.0,8.440313
2013-09,2013-08,0,0,0,0,0,0,0.0125,0.0297,0.0211,135.0482,126.2512,True,False,offensive,1.0,2013-10,0.046307,4.2e-05,0.046307,0.0,8.831159
2013-10,2013-09,0,0,0,0,0,0,0.0124,0.0296,0.021,141.302,129.1,True,False,offensive,1.0,2013-11,0.029637,5.8e-05,0.029637,0.0,9.092888
2013-11,2013-10,0,0,0,0,0,0,0.0123,0.0295,0.0209,145.4898,131.7901,True,False,offensive,1.0,2013-12,0.025926,5.8e-05,0.025926,0.0,9.32863
2013-12,2013-11,0,0,0,0,0,0,0.0123,0.0294,0.02085,149.2618,134.706,True,False,offensive,1.0,2014-01,-0.035248,3.3e-05,-0.035248,0.0,8.999814
2014-01,2013-12,0,0,0,0,0,0,0.0122,0.0293,0.02075,144.0006,136.6398,True,False,offensive,1.0,2014-02,0.045516,4.2e-05,0.045516,0.0,9.40945
2014-02,2014-01,0,0,0,0,0,0,0.0121,0.0292,0.02065,150.5549,138.9896,True,False,offensive,1.0,2014-03,0.008296,4.2e-05,0.008296,0.0,9.487511
2014-03,2014-02,0,0,0,0,0,0,0.0121,0.0292,0.02065,151.8039,141.1642,True,False,offensive,1.0,2014-04,0.006951,2.5e-05,0.006951,0.0,9.553458
2014-04,2014-03,0,0,0,0,0,0,0.012,0.0291,0.02055,152.8591,143.6179,True,False,offensive,1.0,2014-05,0.023206,2.5e-05,0.023206,0.0,9.775156
2014-05,2014-04,0,0,0,0,0,0,0.0119,0.029,0.02045,156.4064,145.7632,True,False,offensive,1.0,2014-06,0.020645,3.3e-05,0.020645,0.0,9.976964
2014-06,2014-05,0,0,0,0,0,0,0.0119,0.0289,0.0204,159.6354,148.6362,True,False,offensive,1.0,2014-07,-0.013438,2.5e-05,-0.013438,0.0,9.842894
2014-07,2014-06,0,0,0,0,0,0,0.0118,0.0288,0.0203,157.4903,150.8804,True,False,offensive,1.0,2014-08,0.039464,2.5e-05,0.039464,0.0,10.231334
2014-08,2014-07,0,0,0,0,0,0,0.0118,0.0287,0.02025,163.7054,153.1208,True,False,offensive,1.0,2014-09,-0.013796,1.7e-05,-0.013796,0.0,10.090182
2014-09,2014-08,0,0,0,0,0,0,0.0117,0.0287,0.0202,161.4469,154.7165,True,False,offensive,1.0,2014-10,0.023551,1.7e-05,0.023551,0.0,10.327816
2014-10,2014-09,0,0,0,0,0,0,0.0116,0.0286,0.0201,165.2492,156.3152,True,False,offensive,1.0,2014-11,0.027472,1.7e-05,0.027472,0.0,10.611542
2014-11,2014-10,0,0,0,0,0,0,0.0116,0.0285,0.02005,169.7888,158.894,True,False,offensive,1.0,2014-12,-0.002537,2.5e-05,-0.002537,0.0,10.58462
2014-12,2014-11,0,0,0,0,0,0,0.0115,0.0284,0.01995,169.3582,160.7744,True,False,offensive,1.0,2015-01,-0.029629,2.5e-05,-0.029629,0.0,10.271009
2015-01,2014-12,0,0,1,0,0,0,0.0319,0.0755,0.0537,164.3402,162.028,True,False,offensive,1.0,2015-02,0.056205,1.7e-05,0.056205,0.0,10.848291
2015-02,2015-01,0,0,1,0,0,1,0.0994,0.075,0.0872,173.5769,164.0998,True,False,offensive,1.0,2015-03,-0.015706,2.5e-05,-0.015706,0.0,10.677907
2015-03,2015-02,0,0,0,0,0,1,0.0371,0.0281,0.0326,170.8507,165.5442,True,False,offensive,1.0,2015-04,0.009834,1.7e-05,0.009834,0.0,10.782914
2015-04,2015-03,0,0,0,0,0,1,0.0371,0.028,0.03255,172.5308,166.8337,True,False,offensive,1.0,2015-05,0.012856,1.7e-05,0.012856,0.0,10.921539
2015-05,2015-04,0,0,0,0,0,1,0.037,0.0279,0.03245,174.749,168.5596,True,False,offensive,1.0,2015-06,-0.020312,1.7e-05,-0.020312,0.0,10.699701
2015-06,2015-05,0,0,0,0,0,1,0.0369,0.0278,0.03235,171.1994,169.309,True,False,offensive,1.0,2015-07,0.022589,2.5e-05,0.022589,0.0,10.941396
2015-07,2015-06,0,0,0,0,0,1,0.0368,0.0278,0.0323,175.0667,170.671,True,False,offensive,1.0,2015-08,-0.06095,5.8e-05,-0.06095,0.0,10.274518
2015-08,2015-07,0,0,1,0,0,1,0.0998,0.0744,0.0871,164.3963,170.5857,False,False,offensive,1.0,2015-09,-0.025516,1.7e-05,-0.025516,0.0,10.012354
2015-09,2015-08,0,0,1,0,0,1,0.0999,0.0743,0.0871,160.2016,169.627,False,False,balanced,0.6,2015-10,0.08506,1.7e-05,0.051042,0.0002,10.523404
2015-10,2015-09,0,0,1,0,0,1,0.1,0.0742,0.0871,173.8283,170.074,True,False,offensive,1.0,2015-11,0.003655,0.0001,0.003655,0.0002,10.561867
2015-11,2015-10,0,0,1,0,0,1,0.1,0.0741,0.08705,174.4637,171.0863,True,False,offensive,1.0,2015-12,-0.017283,0.000192,-0.017283,0.0,10.379326
2015-12,2015-11,0,0,1,0,0,1,0.1001,0.074,0.08705,171.4485,170.8735,True,False,offensive,1.0,2016-01,-0.049786,0.000217,-0.049786,0.0,9.862581
2016-01,2015-12,0,0,1,0,0,1,0.0986,0.0732,0.0859,162.9127,170.0797,False,False,offensive,1.0,2016-02,-0.000826,0.000258,-0.000826,0.0,9.854435
2016-02,2016-01,0,0,1,0,0,1,0.0946,0.0715,0.08305,162.7781,169.1044,False,False,balanced,0.6,2016-03,0.067266,0.000242,0.040456,0.0002,10.253106
2016-03,2016-02,0,0,1,0,0,1,0.0923,0.071,0.08165,173.7275,169.0023,True,False,offensive,1.0,2016-04,0.003942,0.000192,0.003942,0.0002,10.293524
2016-04,2016-03,0,0,0,0,0,1,0.0336,0.0264,0.03,174.4123,169.3236,True,False,offensive,1.0,2016-05,0.017011,0.000225,0.017011,0.0,10.468627
2016-05,2016-04,0,0,0,0,0,1,0.0327,0.0261,0.0294,177.3793,169.5548,True,False,offensive,1.0,2016-06,0.003476,0.000225,0.003476,0.0,10.505016
2016-06,2016-05,0,0,0,0,0,1,0.0318,0.0259,0.02885,177.9958,170.9148,True,False,offensive,1.0,2016-07,0.036472,0.00025,0.036472,0.0,10.888155
2016-07,2016-06,0,0,0,0,0,1,0.031,0.0257,0.02835,184.4876,173.3434,True,False,offensive,1.0,2016-08,0.001198,0.00025,0.001198,0.0,10.901199
2016-08,2016-07,0,0,0,0,0,1,0.0303,0.0252,0.02775,184.7085,174.4314,True,False,offensive,1.0,2016-09,5.8e-05,0.000242,5.8e-05,0.0,10.901831
2016-09,2016-08,0,0,0,0,0,1,0.0297,0.0248,0.02725,184.7193,175.457,True,False,offensive,1.0,2016-10,-0.017337,0.000275,-0.017337,0.0,10.712826
2016-10,2016-09,0,0,0,0,0,0,0.0107,0.0267,0.0187,181.5167,176.4638,True,False,offensive,1.0,2016-11,0.036839,0.000375,0.036839,0.0,11.107476
2016-11,2016-10,0,0,0,0,0,0,0.0107,0.0266,0.01865,188.2035,178.9929,True,False,offensive,1.0,2016-12,0.020272,0.000425,0.020272,0.0,11.332646
2016-12,2016-11,0,0,0,0,0,1,0.0278,0.0237,0.02575,192.0188,181.9169,True,False,offensive,1.0,2017-01,0.017895,0.000425,0.017895,0.0,11.535444
2017-01,2016-12,0,0,0,0,0,0,0.0108,0.0264,0.0186,195.4548,184.0897,True,False,offensive,1.0,2017-02,0.039292,0.000433,0.039292,0.0,11.988695
2017-02,2017-01,0,0,0,0,0,1,0.0268,0.023,0.0249,203.1346,186.9619,True,False,offensive,1.0,2017-03,0.00125,0.000617,0.00125,0.0,12.003681
2017-03,2017-02,0,0,0,0,0,1,0.0262,0.0227,0.02445,203.3885,189.5628,True,False,offensive,1.0,2017-04,0.009926,0.000667,0.009926,0.0,12.122829
2017-04,2017-03,0,0,0,0,0,0,0.0108,0.0262,0.0185,205.4074,192.304,True,False,offensive,1.0,2017-05,0.014113,0.000742,0.014113,0.0,12.293919
2017-05,2017-04,0,0,0,0,0,0,0.0107,0.0262,0.01845,208.3063,194.6858,True,False,offensive,1.0,2017-06,0.006375,0.000817,0.006375,0.0,12.372292
2017-06,2017-05,0,0,0,0,0,0,0.0107,0.0261,0.0184,209.6342,197.1784,True,False,offensive,1.0,2017-07,0.020554,0.000892,0.020554,0.0,12.626592
2017-07,2017-06,0,0,0,0,0,0,0.0107,0.0261,0.0184,213.9431,200.1008,True,False,offensive,1.0,2017-08,0.002917,0.000842,0.002917,0.0,12.663424
2017-08,2017-07,0,0,0,0,0,0,0.0107,0.026,0.01835,214.5672,203.4058,True,False,offensive,1.0,2017-09,0.020149,0.000858,0.020149,0.0,12.91858
2017-09,2017-08,0,0,0,0,0,0,0.0106,0.026,0.0183,218.8907,206.4746,True,False,offensive,1.0,2017-10,0.023564,0.000892,0.023564,0.0,13.222993
2017-10,2017-09,0,0,0,1,0,0,0.0758,0.0584,0.0671,224.0486,209.6775,True,False,offensive,1.0,2017-11,0.030566,0.001025,0.030566,0.0,13.627167
2017-11,2017-10,0,0,0,0,0,0,0.0105,0.0259,0.0182,230.8969,213.2217,True,False,offensive,1.0,2017-12,0.012128,0.0011,0.012128,0.0,13.792437
2017-12,2017-11,0,0,0,0,0,0,0.0105,0.0258,0.01815,233.6972,216.278,True,False,offensive,1.0,2018-01,0.056359,0.001175,0.056359,0.0,14.569765
2018-01,2017-12,0,0,0,0,0,0,0.0105,0.0258,0.01815,246.8682,220.626,True,False,offensive,1.0,2018-02,-0.03636,0.001308,-0.03636,0.0,14.040009
2018-02,2018-01,0,0,0,0,0,0,0.0105,0.0257,0.0181,237.892,223.8744,True,False,offensive,1.0,2018-03,-0.02741,0.001417,-0.02741,0.0,13.655172
2018-03,2018-02,0,0,0,0,0,0,0.0104,0.0257,0.01805,231.3712,226.1809,True,False,offensive,1.0,2018-04,0.005168,0.001467,0.005168,0.0,13.725742
2018-04,2018-03,0,0,0,0,0,0,0.0104,0.0256,0.018,232.5669,228.4742,True,False,offensive,1.0,2018-05,0.024309,0.00155,0.024309,0.0,14.059401
2018-05,2018-04,0,0,0,0,0,0,0.0103,0.0255,0.0179,238.2204,230.9019,True,False,offensive,1.0,2018-06,0.005751,0.001583,0.005751,0.0,14.140256
2018-06,2018-05,0,0,0,0,0,0,0.0103,0.0255,0.0179,239.5904,233.4042,True,False,offensive,1.0,2018-07,0.037046,0.001633,0.037046,0.0,14.664096
2018-07,2018-06,0,0,0,0,0,0,0.0102,0.0254,0.0178,248.4664,236.3618,True,False,offensive,1.0,2018-08,0.03192,0.001692,0.03192,0.0,15.132174
2018-08,2018-07,0,0,0,0,0,0,0.0102,0.0253,0.01775,256.3974,239.5967,True,False,offensive,1.0,2018-09,0.005946,0.001775,0.005946,0.0,15.22215
2018-09,2018-08,0,0,0,0,0,0,0.0101,0.0253,0.0177,257.9219,242.2992,True,False,offensive,1.0,2018-10,-0.069104,0.001875,-0.069104,0.0,14.170239
2018-10,2018-09,0,0,0,0,0,0,0.0101,0.0251,0.0176,240.0983,242.9393,False,False,offensive,1.0,2018-11,0.018549,0.001942,0.018549,0.0,14.433083
2018-11,2018-10,0,0,0,0,0,0,0.0101,0.0251,0.0176,244.5519,242.7077,True,False,offensive,1.0,2018-12,-0.088048,0.001975,-0.088048,0.0,13.162279
2018-12,2018-11,0,0,0,0,0,0,0.01,0.025,0.0175,223.0196,241.2205,False,False,offensive,1.0,2019-01,0.080065,0.001975,0.080065,0.0,14.216116
2019-01,2018-12,0,0,1,0,0,0,0.0264,0.0667,0.04655,240.8757,242.1709,False,False,balanced,0.6,2019-02,0.032416,0.001992,0.020246,0.0002,14.503936
2019-02,2019-01,0,0,1,0,0,0,0.0263,0.0666,0.04645,248.6839,243.7826,True,False,offensive,1.0,2019-03,0.0181,0.002,0.0181,0.0002,14.766457
2019-03,2019-02,0,0,1,0,0,1,0.0556,0.0559,0.05575,253.1852,245.2791,True,False,offensive,1.0,2019-04,0.040853,0.001983,0.040853,0.0,15.369711
2019-04,2019-03,0,0,1,0,0,1,0.0556,0.0558,0.0557,263.5285,247.6729,True,False,offensive,1.0,2019-05,-0.063771,0.001958,-0.063771,0.0,14.389569
2019-05,2019-04,0,0,0,0,0,1,0.0212,0.0206,0.0209,246.723,247.4986,False,False,offensive,1.0,2019-06,0.069586,0.001808,0.069586,0.0,15.390882
2019-06,2019-05,0,0,0,0,0,1,0.0212,0.0206,0.0209,263.8915,248.248,True,False,offensive,1.0,2019-07,0.01512,0.00175,0.01512,0.0,15.623592
2019-07,2019-06,1,0,0,0,0,1,0.6049,0.4552,0.53005,267.8815,249.2439,True,False,balanced,0.6,2019-08,-0.016743,0.001625,-0.009396,0.0002,15.476793
2019-08,2019-07,1,0,0,0,0,1,0.605,0.455,0.53,263.3962,251.5737,True,False,balanced,0.6,2019-09,0.019458,0.001575,0.012305,0.0,15.667235
2019-09,2019-08,1,0,0,0,0,1,0.6052,0.4548,0.53,268.5213,253.9706,True,False,balanced,0.6,2019-10,0.022105,0.001375,0.013813,0.0,15.883646
2019-10,2019-09,1,0,0,0,0,1,0.6053,0.4546,0.52995,274.4569,259.1144,True,False,balanced,0.6,2019-11,0.036198,0.001283,0.022232,0.0,16.236771
2019-11,2019-10,1,0,0,0,0,1,0.6055,0.4544,0.52995,284.3917,263.466,True,False,balanced,0.6,2019-12,0.029056,0.001283,0.017947,0.0,16.528173
2019-12,2019-11,1,0,0,0,0,1,0.6056,0.4542,0.5299,292.6549,267.8631,True,False,balanced,0.6,2020-01,-0.000404,0.001267,0.000264,0.0,16.532536
2020-01,2019-12,1,0,0,0,0,1,0.6064,0.4546,0.5305,292.5367,271.7982,True,False,balanced,0.6,2020-02,-0.079166,0.001267,-0.046993,0.0,15.755623
2020-02,2020-01,1,0,0,0,0,1,0.6072,0.455,0.5311,269.3778,272.3831,False,False,balanced,0.6,2020-03,-0.124871,0.000242,-0.074826,0.0,14.576692
2020-03,2020-02,1,0,0,0,0,1,0.6039,0.4524,0.52815,235.7403,271.2849,False,False,defensive,0.2,2020-04,0.126984,0.000117,0.02549,0.0002,14.948252
2020-04,2020-03,1,1,1,1,1,1,0.9965,0.9134,0.95495,265.6754,271.4633,False,False,defensive,0.2,2020-05,0.047645,0.000108,0.009616,0.0,15.091995
2020-05,2020-04,1,1,1,1,1,1,0.9965,0.9134,0.95495,278.3336,272.5085,True,False,balanced,0.6,2020-06,0.017734,0.000133,0.010694,0.0002,15.253389
2020-06,2020-05,1,1,1,1,0,1,0.9622,0.574,0.7681,283.2697,274.4958,True,False,balanced,0.6,2020-07,0.058892,0.000108,0.035379,0.0,15.793038
2020-07,2020-06,1,1,1,1,0,1,0.9591,0.5654,0.76225,299.9521,277.6389,True,False,balanced,0.6,2020-08,0.069797,8.3e-05,0.041911,0.0,16.45494
2020-08,2020-07,1,1,1,1,0,1,0.97,0.6255,0.79775,320.8878,282.282,True,False,balanced,0.6,2020-09,-0.037444,9.2e-05,-0.02243,0.0,16.085856
2020-09,2020-08,1,1,1,1,0,1,0.971,0.6304,0.8007,308.8725,284.7301,True,False,balanced,0.6,2020-10,-0.024934,8.3e-05,-0.014927,0.0,15.845742
2020-10,2020-09,1,1,0,1,0,1,0.9335,0.4237,0.6786,301.1712,285.5817,True,False,balanced,0.6,2020-11,0.108777,7.5e-05,0.065296,0.0,16.880406
2020-11,2020-10,1,1,0,1,0,0,0.8243,0.2906,0.55745,333.9316,289.7212,True,False,balanced,0.6,2020-12,0.037049,7.5e-05,0.022259,0.0,17.256147
2020-12,2020-11,1,1,0,1,0,0,0.8255,0.2886,0.55705,346.3033,297.4137,True,False,balanced,0.6,2021-01,-0.01019,6.7e-05,-0.006088,0.0,17.151091
2021-01,2020-12,1,1,0,1,0,0,0.8266,0.2868,0.5567,342.7743,308.1172,True,False,balanced,0.6,2021-02,0.027805,3.3e-05,0.016697,0.0,17.437463
2021-02,2021-01,1,1,0,1,0,0,0.8276,0.2852,0.5564,352.3053,316.7801,True,False,balanced,0.6,2021-03,0.045399,2.5e-05,0.02725,0.0,17.912634
2021-03,2021-02,0,1,0,0,0,1,0.0351,0.0125,0.0238,368.2997,325.7768,True,False,offensive,1.0,2021-04,0.052911,1.7e-05,0.052911,0.0002,18.860409
2021-04,2021-03,0,1,0,0,0,0,0.01,0.006,0.008,387.7867,336.2284,True,False,offensive,1.0,2021-05,0.006566,1.7e-05,0.006566,0.0,18.984247
2021-05,2021-04,0,0,0,0,0,0,0.0143,0.0296,0.02195,390.3329,345.2665,True,False,offensive,1.0,2021-06,0.022427,3.3e-05,0.022427,0.0,19.410007
2021-06,2021-05,0,0,0,0,0,0,0.0143,0.0296,0.02195,399.087,353.0865,True,False,offensive,1.0,2021-07,0.024412,4.2e-05,0.024412,0.0,19.883844
2021-07,2021-06,0,0,0,0,0,0,0.0143,0.0296,0.02195,408.8297,363.0822,True,False,offensive,1.0,2021-08,0.02976,4.2e-05,0.02976,0.0,20.475587
2021-08,2021-07,0,0,0,0,0,0,0.0143,0.0296,0.02195,420.9965,375.0647,True,False,offensive,1.0,2021-09,-0.046606,3.3e-05,-0.046606,0.0,19.521302
2021-09,2021-08,0,0,0,0,0,0,0.0148,0.0301,0.02245,401.3757,381.8091,True,False,offensive,1.0,2021-10,0.070164,4.2e-05,0.070164,0.0,20.890994
2021-10,2021-09,0,0,0,0,0,0,0.0149,0.0299,0.0224,429.5377,390.1326,True,False,offensive,1.0,2021-11,-0.008035,4.2e-05,-0.008035,0.0,20.723135
2021-11,2021-10,0,0,0,0,0,0,0.015,0.0296,0.0223,426.0864,398.4638,True,False,offensive,1.0,2021-12,0.046248,5e-05,0.046248,0.0,21.681539
2021-12,2021-11,0,0,0,0,0,0,0.015,0.0293,0.02215,445.7919,407.8124,True,False,offensive,1.0,2022-01,-0.052741,0.000125,-0.052741,0.0,20.538033
2022-01,2021-12,0,0,0,0,0,0,0.0151,0.0291,0.0221,422.2803,413.2105,True,False,offensive,1.0,2022-02,-0.029517,0.000275,-0.029517,0.0,19.931812
2022-02,2022-01,0,0,0,0,0,1,0.049,0.0612,0.0551,409.8158,415.4134,False,False,offensive,1.0,2022-03,0.03759,0.000367,0.03759,0.0,20.681048
2022-03,2022-02,0,0,0,0,0,0,0.0151,0.0288,0.02195,425.2209,418.9022,True,True,balanced,0.6,2022-04,-0.087769,0.000633,-0.052408,0.0002,19.597196
2022-04,2022-03,0,0,1,0,0,0,0.0322,0.0563,0.04425,387.8997,417.7835,False,True,balanced,0.6,2022-05,0.002257,0.000817,0.001681,0.0,19.630139
2022-05,2022-04,0,0,0,0,0,0,0.015,0.0288,0.0219,388.7753,415.778,False,True,defensive,0.2,2022-06,-0.08246,0.001242,-0.015499,0.0002,19.325891
2022-06,2022-05,0,0,1,0,0,0,0.0321,0.0562,0.04415,356.7167,409.3501,False,True,defensive,0.2,2022-07,0.092087,0.001858,0.019904,0.0,19.710554
2022-07,2022-06,0,0,0,0,0,0,0.0149,0.0286,0.02175,389.5659,408.1691,False,True,defensive,0.2,2022-08,-0.040802,0.002192,-0.006407,0.0,19.584268
2022-08,2022-07,0,0,1,0,0,0,0.032,0.056,0.044,373.6708,402.5824,False,True,defensive,0.2,2022-09,-0.092446,0.002608,-0.016402,0.0,19.263047
2022-09,2022-08,0,0,0,0,0,0,0.0148,0.0285,0.02165,339.1265,393.8864,False,True,defensive,0.2,2022-10,0.081276,0.0031,0.018735,0.0,19.62394
2022-10,2022-09,0,0,0,0,0,1,0.0478,0.0606,0.0542,366.6892,385.9761,False,False,balanced,0.6,2022-11,0.055592,0.003458,0.034738,0.0002,20.305637
2022-11,2022-10,0,0,1,0,0,1,0.0998,0.1152,0.1075,387.074,382.4555,True,False,offensive,1.0,2022-12,-0.057628,0.003542,-0.057628,0.0002,19.135464
2022-12,2022-11,1,0,0,0,0,1,0.6945,0.7341,0.7143,364.7676,377.9507,False,False,balanced,0.6,2023-01,0.062887,0.003783,0.039246,0.0002,19.886454
2023-01,2022-12,1,0,0,0,0,1,0.6946,0.7341,0.71435,387.7068,374.1993,True,False,balanced,0.6,2023-02,-0.025143,0.003875,-0.013536,0.0,19.617271
2023-02,2023-01,1,0,0,0,0,1,0.6915,0.7327,0.7121,377.9589,373.2052,True,False,balanced,0.6,2023-03,0.037078,0.003908,0.02381,0.0,20.084358
2023-03,2023-02,1,0,0,0,0,1,0.6916,0.7327,0.71215,391.9728,373.5249,True,False,balanced,0.6,2023-04,0.015975,0.0041,0.011225,0.0,20.309805
2023-04,2023-03,1,0,0,1,0,1,0.9158,0.7339,0.82485,398.2345,377.6767,True,False,balanced,0.6,2023-05,0.004616,0.004283,0.004483,0.0,20.400854
2023-05,2023-04,1,0,0,0,0,0,0.4008,0.5546,0.4777,400.0728,378.7274,True,False,offensive,1.0,2023-06,0.0648,0.0043,0.0648,0.0002,21.722829
2023-06,2023-05,1,0,0,0,0,1,0.693,0.7333,0.71315,425.9975,383.9601,True,False,balanced,0.6,2023-07,0.032733,0.004375,0.02139,0.0002,22.187481
2023-07,2023-06,1,0,0,1,0,0,0.7649,0.5552,0.66005,439.9418,394.0416,True,False,balanced,0.6,2023-08,-0.016252,0.004417,-0.007985,0.0,22.010314
2023-08,2023-07,1,0,0,1,0,0,0.7655,0.5551,0.6603,432.7918,400.6519,True,False,balanced,0.6,2023-09,-0.047435,0.004433,-0.026687,0.0,21.422924
2023-09,2023-08,1,0,0,1,0,0,0.7655,0.5548,0.66015,412.2626,403.1707,True,False,balanced,0.6,2023-10,-0.021709,0.00445,-0.011245,0.0,21.182024
2023-10,2023-09,1,0,0,0,0,0,0.4002,0.5533,0.47675,403.3129,407.0253,False,False,offensive,1.0,2023-11,0.091344,0.004392,0.091344,0.0002,23.116874
2023-11,2023-10,1,1,0,0,0,1,0.59,0.2701,0.43005,440.153,412.2699,True,True,balanced,0.6,2023-12,0.045655,0.004367,0.02914,0.0002,23.7905
2023-12,2023-11,1,1,0,0,0,1,0.5764,0.2516,0.414,460.2484,420.4988,True,False,offensive,1.0,2024-01,0.015926,0.00435,0.015926,0.0002,24.169388
2024-01,2023-12,1,0,0,0,0,0,0.3805,0.5253,0.4529,467.5786,428.0594,True,False,offensive,1.0,2024-02,0.052187,0.004367,0.052187,0.0,25.430715
2024-02,2024-01,1,0,0,0,0,1,0.6508,0.6516,0.6512,491.9801,437.434,True,False,balanced,0.6,2024-03,0.032702,0.004367,0.021368,0.0002,25.974119
2024-03,2024-02,1,0,0,0,0,1,0.6387,0.628,0.63335,508.0688,448.2336,True,False,balanced,0.6,2024-04,-0.04032,0.004367,-0.022445,0.0,25.39113
2024-04,2024-03,1,1,0,0,0,1,0.5266,0.2072,0.3669,487.5835,454.3922,True,False,offensive,1.0,2024-05,0.05058,0.004375,0.05058,0.0002,26.675413
2024-05,2024-04,1,1,0,0,0,1,0.5184,0.205,0.3617,512.2454,461.6225,True,False,offensive,1.0,2024-06,0.03528,0.004367,0.03528,0.0,27.616522
2024-06,2024-05,1,1,0,0,0,1,0.507,0.1945,0.35075,530.3176,471.3751,True,False,offensive,1.0,2024-07,0.012109,0.004333,0.012109,0.0,27.95093
2024-07,2024-06,1,1,0,0,0,0,0.247,0.1309,0.18895,536.7392,483.8227,True,False,offensive,1.0,2024-08,0.023366,0.004208,0.023366,0.0,28.604032
2024-08,2024-07,1,1,0,0,0,0,0.2415,0.1294,0.18545,549.2804,498.4195,True,False,offensive,1.0,2024-09,0.021005,0.003933,0.021005,0.0,29.204859
2024-09,2024-08,1,1,0,0,0,0,0.2363,0.128,0.18215,560.8178,510.486,True,False,offensive,1.0,2024-10,-0.008924,0.003758,-0.008924,0.0,28.944235
2024-10,2024-09,1,1,0,0,0,1,0.4796,0.2056,0.3426,555.8133,520.0425,True,False,offensive,1.0,2024-11,0.059633,0.003683,0.059633,0.0,30.670267
2024-11,2024-10,1,1,0,0,0,1,0.4672,0.1976,0.3324,588.9584,532.1804,True,False,offensive,1.0,2024-12,-0.02406,0.003558,-0.02406,0.0,29.93234
2024-12,2024-11,1,1,0,0,0,1,0.455,0.1904,0.3227,574.7881,540.4612,True,False,offensive,1.0,2025-01,0.026856,0.003508,0.026856,0.0,30.736203
2025-01,2024-12,1,1,0,0,0,1,0.4488,0.1885,0.31865,590.2248,548.6768,True,False,offensive,1.0,2025-02,-0.012695,0.003517,-0.012695,0.0,30.346007
2025-02,2025-01,1,1,0,0,0,0,0.2096,0.113,0.1613,582.7319,558.1917,True,False,offensive,1.0,2025-03,-0.055719,0.0035,-0.055719,0.0,28.655158
2025-03,2025-02,1,0,0,0,0,0,0.2808,0.4014,0.3411,550.2626,561.9934,False,False,offensive,1.0,2025-04,-0.00867,0.003508,-0.00867,0.0,28.406718
2025-04,2025-03,1,0,0,0,0,0,0.2763,0.4003,0.3383,545.4917,563.5108,False,False,defensive,0.2,2025-05,0.062845,0.003542,0.015402,0.0004,28.844238
2025-05,2025-04,1,0,1,0,0,0,0.4549,0.6321,0.5435,579.7731,567.8142,True,False,balanced,0.6,2025-06,0.051386,0.003525,0.032242,0.0002,29.774234
2025-06,2025-05,1,0,1,0,0,0,0.4501,0.6328,0.54145,609.5654,573.8427,True,False,balanced,0.6,2025-07,0.023032,0.003542,0.015236,0.0,30.227874
2025-07,2025-06,1,0,1,0,0,0,0.4449,0.6314,0.53815,623.6047,580.1214,True,False,balanced,0.6,2025-08,0.020519,0.003433,0.013685,0.0,30.641542
2025-08,2025-07,1,0,0,0,0,0,0.2586,0.3948,0.3267,636.4006,588.1801,True,False,offensive,1.0,2025-09,0.035621,0.003267,0.035621,0.0002,31.733025
2025-09,2025-08,1,0,0,0,0,0,0.2544,0.3931,0.32375,659.0695,595.1912,True,False,offensive,1.0,2025-10,0.023837,0.003183,0.023837,0.0,32.489445
2025-10,2025-09,1,0,0,0,0,0,0.2507,0.3924,0.32155,674.78,605.1904,True,False,offensive,1.0,2025-11,0.00195,0.00315,0.00195,0.0,32.552799
2025-11,2025-10,1,1,0,0,0,0,0.1681,0.0952,0.13165,676.0958,613.7775,True,False,offensive,1.0,2025-12,0.000797,0.002992,0.000797,0.0,32.578744
2025-12,2025-11,0,1,0,0,0,0,0.0089,0.0037,0.0063,676.635,623.1678,True,False,offensive,1.0,2026-01,0.014738,0.002975,0.014738,0.0,33.058889
2026-01,2025-12,0,1,0,0,0,0,0.0089,0.0037,0.0063,686.6071,636.8023,True,False,offensive,1.0,2026-02,-0.008642,0.003,-0.008642,0.0,32.773195
2026-02,2026-01,0,1,0,0,0,1,0.0235,0.0057,0.0146,680.6735,650.3205,True,False,offensive,1.0,2026-03,-0.04938,0.003008,-0.04938,0.0,31.154854
2026-03,2026-02,0,0,0,0,0,0,0.0146,0.0224,0.0185,647.0621,657.0494,False,False,offensive,1.0,2026-04,0.105053,0.003008,0.105053,0.0,34.427765
2026-04,2026-03,0,0,0,0,0,0,0.0146,0.0221,0.01835,715.0377,667.5966,True,False,offensive,1.0,2026-05,0.052626,0.003,0.052626,0.0,36.239561
2026-05,2026-04,0,0,0,0,0,0,0.0146,0.0221,0.01835,752.6671,680.5029,True,False,offensive,1.0,2026-06,-0.010293,0.00305,-0.010293,0.0,35.866547
2026-06,2026-05,0,0,0,0,0,0,0.0146,0.022,0.0183,744.9202,691.3548,True,False,offensive,1.0,2026-07,0.000348,0.003108,0.000348,0.0,35.879028
2026-07,2026-06,0,0,0,0,0,0,0.0146,0.0219,0.01825,745.1796,699.9658,True,False,offensive,1.0,2026-08,0.026799,0.0031,0.026799,0.0,36.84055
2026-08,2026-07,0,0,0,0,0,0,0.0146,0.0217,0.01815,765.15,709.0028,True,False,offensive,1.0,2026-09,-0.003293,0.003283,-0.003293,0.0,36.719235
2026-09,2026-08,0,0,0,0,0,0,0.0145,0.0214,0.01795,762.63,717.6562,True,False,offensive,1.0,2026-10,,,,,36.719235
